product_code;price_gross;vat;currency;stock;name
89915-01595;136.07;20;EUR;1;AKAI Professional D1 Shred-O-Matic Effektpedal
x00226;113.71;20;EUR;1;Amdek CMK-100 Compressor Effect Pedal
x00227;131.21;20;EUR;1;Amdek FLK-100 Flanger Effect Pedal
B2316013;874.79;20;EUR;1;Ampete Two Head 20W
x00288;126.35;20;EUR;1;Animals Pedal 1927 Home Run King Compressor Effektpedal
x00287;126.35;20;EUR;1;Animals Pedal 1927 Homerun King Compressor Effektpedal
x00268;136.07;20;EUR;1;Animals Pedal Surfing Bear Overdrive Effektpedal
x00266;145.79;20;EUR;1;Animals Pedal Tioga Road Cycling Distortion Effektpedal
x00267;136.07;20;EUR;1;Animals Pedal Vintage Van Driving is Very Fun Effektpedal
082665;77.75;20;EUR;1;Aria ADT-1 Distortion Effektpedal - Japan
200475;77.75;20;EUR;1;Aria ADT-1 Distortion Effektpedal - Japan
291411;77.75;20;EUR;1;Aria ADT-1 Distortion Effektpedal - Japan
045392;524.87;20;EUR;1;Aria Japan Stratocaster 1970s - Natural
762306;1108.07;20;EUR;1;Aria Pro II PE-140 1976 - Mahogany
S4100940;369.35;20;EUR;1;Aria Pro II RVB450-DRS Avante Series Bass - Red Burst
x00131;462.23;20;EUR;1;Aria Pro II The Warrior WR-803 - Black
x00221;369.35;20;EUR;1;Aria Pro II The Warrior-JR 1990s - Black
SL129927;77.75;20;EUR;1;Arion MTE-1 Tubulator Effektpedal
379477;77.75;20;EUR;1;Arion SDI-1 Distortion Effektpedal - Japan
x00319;97.19;20;EUR;1;Ashdown Bass Hyper Drive Effektpedal
F04100210;1166.39;20;EUR;1;B.C.Rich PRO JR. V Flying V 2004 - Exotic
x00328;583.19;20;EUR;1;Bacchus Universe Series BJM-1R - Candy Apple Red
x00327;388.79;20;EUR;1;Bacchus Universe Series BST-2-RSM Stratocaster HSS - Black
20103;1749.59;20;EUR;1;Bad Cat “Lil 15” Amplifier Combo
2501;1166.39;20;EUR;1;Bad Cat “Mini Cat” Amplifier Head - Black
x00255;97.19;20;EUR;1;BBE Opto Stomp Optical Compressor Effektpedal
N16549;194.39;20;EUR;1;Blackstar HTV-112 1x12 Lautsprecher Cabinet 80W
21040005;583.19;20;EUR;1;Blade Levinson Delta Standard Telecaster 2021 - Sunburst
x00271;145.79;20;EUR;1;Boss BF-2 Flanger Effektpedal - Japan
x00276;145.79;20;EUR;1;Boss CE-3 Chorus Effektpedal - Japan
x00278;145.79;20;EUR;1;Boss CE-3 Chorus Effektpedal - Japan
x00277;145.79;20;EUR;1;Boss CE-3 Chorus Effektpedal - Japan
UZ39556;97.19;20;EUR;1;Boss CE-5 Chorus Ensemble Effektpedal
x00292;116.63;20;EUR;1;Boss CS-3 Compression Sustainer Effektpedal - Japan
E953882;97.19;20;EUR;1;Boss CS-3 Compression Sustainer Effektpedal - Japan
GE11930;77.75;20;EUR;1;Boss CS-3 Compression Sustainer Effektpedal - Taiwan
SN44553;77.75;20;EUR;1;Boss CS-3 Compression Sustainer Effektpedal - Taiwan
Z039048;136.07;20;EUR;1;Boss DD-3 Digital Delay Effektpedal - Japan
PS25776;97.19;20;EUR;1;Boss DS-1 Distortion Effektpedal - Taiwan
K3A6896;97.19;20;EUR;1;Boss DS-1 Distortion Effektpedal - Taiwan
KL12319;77.75;20;EUR;1;Boss FV-50 L Effektpedal
ZE84770;97.19;20;EUR;1;Boss GE-7B Bass Equalizer Effektpedal - Taiwan
ES51473;97.19;20;EUR;1;Boss MD-2 Mega Distortion Effektpedal - Taiwan
x00258;145.79;20;EUR;1;Boss NF-1 Noise Gate Effektpedal - Japan
x00332;77.75;20;EUR;1;Boss NS-2 Noise Suppressor Effect Pedal
BA53826;97.19;20;EUR;1;Boss NS-2 Noise Suppressor Effektpedal - Japan
x00283;116.63;20;EUR;1;Boss OD-2 Turbo Over Drive Effektpedal - Japan
x00284;97.19;20;EUR;1;Boss OD-2 Turbo Over Drive Effektpedal - Japan
x00280;97.19;20;EUR;1;Boss OD-2 Turbo Over Drive Effektpedal - Japan
x00282;97.19;20;EUR;1;Boss OD-2 Turbo Over Drive Effektpedal - Taiwan
x00279;97.19;20;EUR;1;Boss OD-2 Turbo Over Drive Effektpedal - Taiwan
x00281;97.19;20;EUR;1;Boss OD-2 Turbo OverDrive Effektpedal - Japan
BG73317;113.71;20;EUR;1;Boss OD-2r Turbo Overdrive Effect Pedal 1994 - Vintage
YX37945;97.19;20;EUR;1;Boss OS-2 Over Drive/Distortion Effektpedal - Taiwan
x00285;77.75;20;EUR;1;Boss PSM-5 Power Supply & Master Switch Effektpedal
x00286;77.75;20;EUR;1;Boss PSM-5 Power Supply & Master Switch Effektpedal - Japan
x00254;97.19;20;EUR;1;Boss PW-1 Rocker Wah Effektpedal - Japan
Z040338;97.19;20;EUR;1;Boss RC-20 Loop Station Phrase Recorder Effektpedal - Taiwan
20700;1457.99;20;EUR;1;Burns Hank Marvin Signature - White
x00293;462.23;20;EUR;1;Burny Les Paul - Black Burst
FG22030475;612.35;20;EUR;1;Burny Les Paul - Goldtop
x00166;473.03;20;EUR;1;Burny Les Paul - Metallic Red
x00167;339.11;20;EUR;1;Burny Les Paul - Tobacco Burst
FG10021298;583.19;20;EUR;1;Burny Les Paul 2010 - White
Z72608;790.55;20;EUR;1;Burny Les Paul FLG-70 1977 - Tobacco Burst - Vintage Japan
x00133;369.35;20;EUR;1;Burny Les Paul LG-480 - Metallic
x00169;527.03;20;EUR;1;Burny LG-480 Les Paul - Metallic
x00170;808.91;20;EUR;1;Burny LG-75R Les Paul - Honey Burst
x00123;878.03;20;EUR;1;Burny RLC Les Paul Custom - Ebony
F9961043;658.79;20;EUR;1;Burny Super Grade Les Paul 1999 - Cherry Sunburst
X00027;1166.39;20;EUR;1;Burny Super Grade Les Paul RLG-58 1998 - Cherry Sunburst
x00172;439.55;20;EUR;1;Burny Super Grade Les Paul Standard - Cherry Sunburst
22291762;194.39;20;EUR;1;Carl Martin Ampster Effect Pedal
24625;1943.99;20;EUR;1;Carvin USA AE185 Thinline Tele - Purple
X00030;971.99;20;EUR;1;Ceriatone Big Deluxe / American Classics 5x3 Amp Head
x00173;300.23;20;EUR;1;Charvel 4-String Bass
502144;571.31;20;EUR;1;Charvel by Jackson - Custom
9416248;416.87;20;EUR;1;Charvel by Jackson CDS 1994 - Black
1011875;460.07;20;EUR;1;Charvel by Jackson HSS Superstrat 1989-1991 - Black
245418;615.59;20;EUR;1;Charvel by Jackson Model 3 HSS - Red
1011707;583.19;20;EUR;1;Charvel by Jackson Superstrat - Red
MC218379;1166.39;20;EUR;1;Charvel Pro Mod DK22 Satchel Signature 2021 - Satin White Bengal
05090342;923.39;20;EUR;1;Charvel Surfcaster 2005 - Black
x00236;402.83;20;EUR;1;Charvette by Charvel 250SW 1989 - White
E304730;485.99;20;EUR;1;Cheri Telecaster Thinline - Sunburst
x00235;647.99;20;EUR;1;CITIZEN Ibanez Tube Screamer Tsuno Chrono Limited 500 TSTCC808
210137485;2527.19;20;EUR;1;Cole Clark FL2EC-BLBL-SUN 2021 - Natural Sunburst
HC0412530096;176.03;20;EUR;1;Collins CDP-1N Akustikgitarre - Natural
x00177;184.67;20;EUR;1;Collins Stratocaster - Black
D160661;680.39;20;EUR;1;CoolZ Japan Fujigen Jazz Bass 2016 - Vintage White
I091017;646.91;20;EUR;1;CoolZ Japan Fujigen Stratocaster 2009 - Black
H100244;646.91;20;EUR;1;CoolZ Japan Fujigen Stratocaster 2010 - Classic White
D120010;646.91;20;EUR;1;CoolZ Japan Fujigen Stratocaster 2012 - Metallic Blue
K140199;646.91;20;EUR;1;CoolZ Japan Fujigen Stratocaster 2014 - Candy Apple Red
B120819;646.91;20;EUR;1;CoolZ Japan Fujigen Telecaster 2012 - Sunburst
K090991;680.39;20;EUR;1;CoolZ Japan Stratocaster 2009 - Sunburst
D160097;680.39;20;EUR;1;CoolZ Japan ZST-V/R Stratocaster 2016 - Sunburst
B170020;680.39;20;EUR;1;CoolZ ZST-10R Stratocaster 2017 - Sunburst
I140453;680.39;20;EUR;1;CoolZ ZST-1R Stratocaster 2014 - Candy Apple Red
92330899;583.19;20;EUR;1;Cordoba Stage - Natural Amber
IE220508053;777.59;20;EUR;1;Cort Elrick NJS4 Bass 2022 - Black
9061088;615.59;20;EUR;1;Cort S2800 2009 - Cherry Sunburst
AA30U163;107.99;20;EUR;1;Crybaby GCB-95 Effect Pedal
PW-CT-04;69.97;20;EUR;1;D'Addario Planet Waves PW-CT-04 Chromatic Tuner Effect Pedal
106007;874.79;20;EUR;1;Daion The´81 Caribou Akustik - Cherry
Y20030333_2;971.99;20;EUR;1;Dean Dimebag Barrel Signature 2020 - Dime o Flage - Defect
Y06090511;971.99;20;EUR;1;Dean Dimebag Darrel Signature Razorback 2006 - Black Silver
E061089;388.79;20;EUR;1;Dean Sarasota 2006 - Cherry Sunburst
O10075566;539.99;20;EUR;1;Dean VMNTX Dave Mustaine Signature 2010 - Silver
30-0118-B;139.96;20;EUR;1;Digitech Eric Clapton Signature Crossroads Overdrive Effect Pedal
362464;131.21;20;EUR;1;DOD FX25 Envelope Filter Effect Pedal - USA
847759;126.35;20;EUR;1;DOD FX25 Envelope Filter Effektpedal - USA
326369;131.21;20;EUR;1;DOD FX50-B Overdrive Effect Pedal - USA
192151;1360.79;20;EUR;1;Duesenberg Starplayer Special 2019 - Black Sparkle
x00306;242.99;20;EUR;1;Dunlop Crybaby 50th Anniversary Gold Effektpedal
x00299;701.99;20;EUR;1;Eddie Van Halen Frankenstein Strat Replica - Red Striped
x00126;646.91;20;EUR;1;EDWARDS by ESP E-RA-110HR ROUAGE RAYZI
x00289;87.47;20;EUR;1;Effects Bakery An Butter Cooppe Drive Effektpedal
x00265;77.75;20;EUR;1;Effects Bakery French Bread Delay Effektpedal
X00002;1457.99;20;EUR;1;Eko Ekomaster 400 1960 - Blue Sparkle
21111522069;738.71;20;EUR;1;Epiphone 1959 Les Paul Standard - Cherry Sunburst
1101171093;485.99;20;EUR;1;Epiphone Akustik FT-79 Inspired By Texan 2011 - Natural
1611201997;1360.79;20;EUR;1;Epiphone Brendon Small Signature Snow Falcon 2016 - Snow Burst
6054154;874.79;20;EUR;1;Epiphone by Gibson Japan Les Paul 1996 - Ebony
EE08010158;680.39;20;EUR;1;Epiphone Casino 2008 - Natural
11091501267;701.99;20;EUR;1;Epiphone Casino VS 2011 - Tobacco Burst
N07101263;527.03;20;EUR;1;Epiphone Dovena Akustik 2007 - Natural
10061501017;1200.95;20;EUR;1;Epiphone E230TD Casino inspired by John Lennon 2010 - Natural
11101500728;1263.59;20;EUR;1;Epiphone E230TD Casino inspired by John Lennon 2010 - Natural
1112202561;777.59;20;EUR;1;Epiphone Explorer 2011 - Ebony
606413F;790.55;20;EUR;1;Epiphone Japan Les Paul 1996 - Fotoflame
I00072055;388.79;20;EUR;1;Epiphone Korea DOT 2000 - Cherry Sunburst
R01K0884;1457.99;20;EUR;1;Epiphone Korea Noel Gallagher Signature  Supernova 2001 - Manchester City Blue
S93123865;615.59;20;EUR;1;Epiphone Les Paul 1993 - Tobacco Burst
18081509231;1108.07;20;EUR;1;Epiphone Les Paul Custom Peter Frampton Signature 2018 - Ebony
0911233164;439.55;20;EUR;1;Epiphone Les Paul Junior 2009 - White
09071511052;646.91;20;EUR;1;Epiphone Les Paul Standard Limited Edition 2009 - Quilt Top
U98072503;415.79;20;EUR;1;Epiphone Les Paul Studio 1998 - Ebony
F305339;439.55;20;EUR;1;Epiphone Les Paul Tribute 2010 - Translucent Black
25041302842;439.55;20;EUR;1;Epiphone Les Paul Tribute 2025 - Cherry Sunburst
07780702;1457.99;20;EUR;1;Epiphone SC-450 Scroll 1978 - Natural
SJ07025642;439.55;20;EUR;1;Epiphone SG Bigsby 2007 - Red
EE061010573;701.99;20;EUR;1;Epiphone SG Custom 2006 - Ivory
1008204807;777.59;20;EUR;1;Epiphone SG Custom G-400 2010 - Ivory
0808212608;599.39;20;EUR;1;Epiphone Sheraton-II 2008 - Natural
SJ040613889;439.55;20;EUR;1;Epiphone Special II Limited Edition 2004 - Skull
EB2620;9.71;20;EUR;1;Ernie Ball 7-String Power Slinky Gitarrensaiten 11-58
EB2621;9.71;20;EUR;1;Ernie Ball 7-String Regular Slinky Gitarrensaiten 10-56
EB2627;7.55;20;EUR;1;Ernie Ball Beefy Slinky Gitarrensaiten 11-54
EB2225;7.55;20;EUR;1;Ernie Ball Extra Slinky Gitarrensaiten 8-38
EB2222;6.47;20;EUR;1;Ernie Ball Hybrid Slinky Gitarrensaiten 9-46
084138;6317.99;20;EUR;1;Ernie Ball Music Man Eddie Van Halen Signature 1993 - Translucent Gold
EB2626;7.55;20;EUR;1;Ernie Ball Not Even Slinky Gitarrensaiten 12-56
EB2201;18.35;20;EUR;1;Ernie Ball Papa Het´s Signature Gitarrensaiten 11-50
EB2220;6.47;20;EUR;1;Ernie Ball Power Slinky Gitarrensaiten 11-48
EB2221;6.47;20;EUR;1;Ernie Ball Regular Slinky Gitarrensaiten 10-46
EB2200;18.35;20;EUR;1;Ernie Ball Slash Signature Gitarrensaiten 11-48
EB2223;6.47;20;EUR;1;Ernie Ball Super Slinky Gitarrensaiten 9-42
EB3826;16.19;20;EUR;1;Ernie Ball Tim Henson Signature Gitarrensaiten 9,5-46
19306;1052.99;20;EUR;1;ESP Action Precision Bass 1994 - Sunburst - Vintage Japan
x00100;790.55;20;EUR;1;ESP AS-300 Alfee Akustik - Black
ES3202223;3110.39;20;EUR;1;ESP E-II Eclipse - Tobacco Burst
x00180;1929.95;20;EUR;1;ESP FA-II Flying A „The Alfee“ - White
x00181;1229.03;20;EUR;1;ESP Flying A The Alfee 1990 - White - Vintage Japan
W14080259;874.79;20;EUR;1;ESP LTD Andy James Signature AJ-1 2014 - Black Satin
L12073753;1141.55;20;EUR;1;ESP LTD GL-200K George Lynch Signature 2012 - Kamikaze
SLR283;1457.99;20;EUR;1;ESP LTD Slayer 25th Anniversary 2011 - Reign in Blood
50;1595.15;20;EUR;1;ESP THE ALFEE Signature Angel Classic Junior 1998 - Cherry Sunburst
x00122;508.67;20;EUR;1;EVH 5150 Mini Guitar - Red Striped
3023-3;61.55;20;EUR;1;Faber ABRH-BA ABRH Bridge, For Gibson® ABR-1, Aged Nickel, Brass saddles natural
3023-2;50.75;20;EUR;1;Faber ABRH-BG ABRH Bridge, For Gibson® ABR-1, Gloss Nickel, Brass saddles natural
3023-5;84.23;20;EUR;1;Faber ABRH-GA ABRH Bridge, For Gibson® ABR-1, Aged Gold, Brass saddles gold plated
3023-13;145.79;20;EUR;1;Faber ABRH-GAN ABRH Bridge, For Gibson® ABR-1, Aged Gold, Nylon saddles
3023-4;70.19;20;EUR;1;Faber ABRH-GG ABRH Bridge, For Gibson® ABR-1, Gloss Gold, Brass saddles gold plated
3023-12;133.91;20;EUR;1;Faber ABRH-GGN ABRH Bridge, For Gibson® ABR-1, Gloss Gold, Nylon saddles
3023-1;61.55;20;EUR;1;Faber ABRH-NA ABRH Bridge, For Gibson® ABR-1, Aged Nickel, Brass saddles nickel plated
3023-11;102.59;20;EUR;1;Faber ABRH-NAN ABRH Bridge, For Gibson® ABR-1, Aged Nickel, Nylon saddles
3023-0;50.75;20;EUR;1;Faber ABRH-NG ABRH Bridge, For Gibson® ABR-1, Gloss Nickel, Brass saddles nickel plated
3023-10;91.79;20;EUR;1;Faber ABRH-NGN ABRH Bridge, For Gibson® ABR-1, Gloss Nickel, Nylon saddles
3023-7;102.59;20;EUR;1;Faber ABRH-TA ABRH Bridge, For Gibson® ABR-1, Aged Nickel, Titanium saddles
3023-6;91.79;20;EUR;1;Faber ABRH-TG ABRH Bridge, For Gibson® ABR-1, Gloss Nickel, Titanium saddles
3031-3;85.31;20;EUR;1;Faber ABRL-BA ABRL Bridge, pat. pend. Locking System, Aged Nickel, Brass saddles natural
3031-2;75.59;20;EUR;1;Faber ABRL-BG ABRL Bridge, pat. pend. Locking System, Gloss Nickel, Brass saddles natural
3031-5;115.55;20;EUR;1;Faber ABRL-GA ABRL Bridge, pat. pend. Locking System, Aged Gold, Brass saddles natural
3031-13;181.43;20;EUR;1;Faber ABRL-GAN ABRL Bridge, pat. pend. Locking System, Aged Gold, Nylon saddles
3031-4;101.51;20;EUR;1;Faber ABRL-GG ABRL Bridge, pat. pend. Locking System, Gloss Gold, Brass saddles natural
3031-12;167.39;20;EUR;1;Faber ABRL-GGN ABRL Bridge, pat. pend. Locking System, Gloss Gold, Nylon saddles
3031-1;85.31;20;EUR;1;Faber ABRL-NA ABRL Bridge, pat. pend. Locking System, Aged Nickel, Brass saddles nickel plated
3031-11;128.51;20;EUR;1;Faber ABRL-NAN ABRL Bridge, pat. pend. Locking System, Aged Nickel, Nylon saddles
3031-0;75.59;20;EUR;1;Faber ABRL-NG ABRL Bridge, pat. pend. Locking System, Gloss Nickel, Brass saddles nickel plated
3031-10;118.79;20;EUR;1;Faber ABRL-NGN ABRL Bridge, pat. pend. Locking System, Gloss Nickel, Nylon saddles
3031-7;128.51;20;EUR;1;Faber ABRL-TA ABRL Bridge, pat. pend. Locking System, Aged Nickel, TITANIUM saddles
3031-6;118.79;20;EUR;1;Faber ABRL-TG ABRL Bridge, pat. pend. Locking System, Gloss Nickel, TITANIUM saddles
3031-18;187.91;20;EUR;1;Faber ABRLB-GA ABRL Bridge, pat. pend. Locking System, SOLID BELL BRASS, Aged gold
3031-17;172.79;20;EUR;1;Faber ABRLB-GG ABRL Bridge, pat. pend. Locking System, SOLID BELL BRASS, Gloss gold
3031-16;132.83;20;EUR;1;Faber ABRLB-NA ABRL Bridge, pat. pend. Locking System, SOLID BELL BRASS, Aged Nickel
3031-15;119.87;20;EUR;1;Faber ABRLB-NG ABRL Bridge, pat. pend. Locking System, SOLID BELL BRASS, Gloss nickel
3060-3;61.55;20;EUR;1;Faber ABRM-BA ABRM Bridge, Fits 4mm studs, Aged Nickel, Brass saddles natural
3060-2;50.75;20;EUR;1;Faber ABRM-BG ABRM Bridge, Fits 4mm studs, Gloss Nickel, Brass saddles natural
3060-5;84.23;20;EUR;1;Faber ABRM-GA ABRM Bridge, Fits 4mm studs, Aged Gold, Brass saddles gold plated
3060-13;145.79;20;EUR;1;Faber ABRM-GAN ABRM Bridge, Fits 4mm studs, Aged Gold, Nylon saddles
3060-4;70.19;20;EUR;1;Faber ABRM-GG ABRM Bridge, Fits 4mm studs, Gloss Gold, Brass saddles gold plated
3060-12;133.91;20;EUR;1;Faber ABRM-GGN ABRM Bridge, Fits 4mm studs, Gloss Gold, Nylon saddles
3060-1;61.55;20;EUR;1;Faber ABRM-NA ABRM Bridge, Fits 4mm studs, Aged Nickel, Brass saddles nickel plated
3060-11;102.59;20;EUR;1;Faber ABRM-NAN ABRM Bridge, Fits 4mm studs, Aged Nickel, Nylon saddles
3060-0;50.75;20;EUR;1;Faber ABRM-NG ABRM Bridge, Fits 4mm studs, Gloss Nickel, Brass saddles nickel plated
3060-10;91.79;20;EUR;1;Faber ABRM-NGN ABRM Bridge, Fits 4mm studs, Gloss Nickel, Nylon saddles
3060-7;102.59;20;EUR;1;Faber ABRM-TA ABRM Bridge, Fits 4mm studs,Aged Nickel, TITANIUM saddles
3060-6;91.79;20;EUR;1;Faber ABRM-TG ABRM Bridge, Fits 4mm studs, Gloss Nickel, TITANIUM saddles
3068-3;61.55;20;EUR;1;Faber ABRN-BA ABRN Bridge, Fits Nashv studs, Aged Nickel, Brass saddles natural
3068-2;50.75;20;EUR;1;Faber ABRN-BG ABRN Bridge, Fits Nashv studs, Gloss Nickel, Brass saddles natural
3068-5;84.23;20;EUR;1;Faber ABRN-GA ABRN Bridge, Fits Nashv studs, Aged Gold, Brass saddles gold plated
3068-13;145.79;20;EUR;1;Faber ABRN-GAN ABRN Bridge, Fits Nashv studs, Aged Gold, Nylon saddles
3068-4;70.19;20;EUR;1;Faber ABRN-GG ABRN Bridge, Fits Nashv studs, Gloss Gold, Brass saddles gold plated
3068-12;133.91;20;EUR;1;Faber ABRN-GGN ABRN Bridge, Fits Nashv studs, Gloss Gold, Nylon saddles
3068-1;61.55;20;EUR;1;Faber ABRN-NA ABRN Bridge, Fits Nashv studs, Aged Nickel, Brass saddles nickel plated
3068-11;102.59;20;EUR;1;Faber ABRN-NAN ABRN Bridge, Fits Nashv studs, Aged Nickel, Nylon saddles
3068-0;50.75;20;EUR;1;Faber ABRN-NG ABRN Bridge, Fits Nashv studs, Gloss Nickel, Brass saddles nickel plated
3068-10;91.79;20;EUR;1;Faber ABRN-NGN ABRN Bridge, Fits Nashv studs, Gloss Nickel, Nylon saddles
3068-7;102.59;20;EUR;1;Faber ABRN-TA ABRN Bridge, Fits Nashv studs, Aged Nickel, TITANIUM saddles
3068-6;91.79;20;EUR;1;Faber ABRN-TG ABRN Bridge, Fits Nashv studs, Gloss Nickel, TITANIUM saddles
3047-3;43.19;20;EUR;1;Faber BSWKIT-GA Bridge Stud/Adapter, Gold Aged (one pair)
3047-2;37.79;20;EUR;1;Faber BSWKIT-GG Bridge Stud/Adapter, Gold Gloss (one pair)
3047-1;26.99;20;EUR;1;Faber BSWKIT-NA Bridge Stud/Adapter, Nickel aged (one pair)
3047-0;24.83;20;EUR;1;Faber BSWKIT-NG Bridge Stud/Adapter, Nickel gloss (one pair)
3160-3;65.87;20;EUR;1;Faber E-sert-GA Faber E-sert = Epiphone, etc. to '59 ABR converter studs, 12mm/4mm, BELL BRASS, Gold, aged
3160-2;60.47;20;EUR;1;Faber E-sert-GG Faber E-sert = Epiphone, etc. to '59 ABR converter studs, 12mm/4mm, BELL BRASS, Gold, gloss
3160-1;46.43;20;EUR;1;Faber E-sert-NA Faber E-sert = Epiphone, etc. to '59 ABR converter studs, 12mm/4mm, BELL BRASS, Nickel, aged
3160-0;38.87;20;EUR;1;Faber E-sert-NG Faber E-sert = Epiphone, etc. to '59 ABR converter studs, 12mm/4mm, BELL BRASS, Nickel, gloss
3551-3;51.83;20;EUR;1;Faber ESWKIT-GA Bridge Adapter, Gold Aged
3551-2;46.43;20;EUR;1;Faber ESWKIT-GG Bridge Adapter, Gold Glossy
3551-1;29.15;20;EUR;1;Faber ESWKIT-NA Bridge Adapter, Nickel Aged
3551-0;26.99;20;EUR;1;Faber ESWKIT-NG Bridge Adapter, Nickel Gloss
x00156;646.91;20;EUR;1;Faber FA130S-BLR-HSS Stratocaster – Blonde
x00157;646.91;20;EUR;1;Faber FA130S-CHM-HSS Stratocaster – Dark Cherry Sunburst
x00158;646.91;20;EUR;1;Faber FA130S-CHM-SSS Stratocaster – Dark Cherry Sunburst
x00159;646.91;20;EUR;1;Faber FA130S-VFM-HSS Stratocaster – Violin Finish
3506-1;72.35;20;EUR;1;Faber FKT33BB-NA Faber Kluson style tuners, 3+3, bolt bushing, nickel aged
3506-0;46.43;20;EUR;1;Faber FKT33BB-NG Faber Kluson style tuners, 3+3, bolt bushing, nickel glossy
3502-3;99.35;20;EUR;1;Faber FKT33SBT-GA Faber Kluson style tuners, tulip knob, 3+3, separate bushing, gold aged
3502-2;84.23;20;EUR;1;Faber FKT33SBT-GG Faber Kluson style tuners, tulip knob, 3+3, separate bushing, gold glossy
3510-3;99.35;20;EUR;1;Faber FKT6L-GA Faber Kluson style tuners, 6 in line, separate bushing, gold aged
3510-2;84.23;20;EUR;1;Faber FKT6L-GG Faber Kluson style tuners, 6 in line, separate bushing, gold glossy
3511-3;205.19;20;EUR;1;Faber FT33L-GA Faber locking tuners, 3+3, bolt bushing, gold aged
3511-2;187.91;20;EUR;1;Faber FT33L-GG Faber locking tuners, 3+3, bolt bushing, gold gloss
3023-9;91.79;20;EUR;1;Faber HYBRIDge-H-NA ABRH Bridge, For Gibson® ABR-1, Aged Nickel, Titanium/Brass saddles
3023-8;80.99;20;EUR;1;Faber HYBRIDge-H-NG ABRH Bridge, For Gibson® ABR-1, Gloss Nickel, Titanium/Brass saddles
3031-9;115.55;20;EUR;1;Faber HYBRIDge-L-NA ABRL Bridge, pat. pend. Locking System, Aged Nickel, TITANIUM/Brass saddles
3031-8;103.67;20;EUR;1;Faber HYBRIDge-L-NG ABRL Bridge, pat. pend. Locking System, Gloss Nickel, TITANIUM/Brass saddles
3060-9;91.79;20;EUR;1;Faber HYBRIDge-M-NA ABRM Bridge, Fits 4mm studs, Aged Nickel, TITANIUM/Brass saddles
3060-8;80.99;20;EUR;1;Faber HYBRIDge-M-NG ABRM Bridge, Fits 4mm studs, Gloss Nickel, TITANIUM/Brass saddles
3068-9;91.79;20;EUR;1;Faber HYBRIDge-N-NA ABRN Bridge, Fits Nashv studs, Aged Nickel, TITANIUM/Brass saddles
3068-8;80.99;20;EUR;1;Faber HYBRIDge-N-NG ABRN Bridge, Fits Nashv studs, Gloss Nickel, TITANIUM/Brass saddles
3118-0;37.79;20;EUR;1;Faber IBG-sert-MNG Faber IBG-sert = Epiphone/Nashville to '59 ABR converter studs, 8mm/4mm, BRASS, nickel plated, glossy #1
3117-3;49.67;20;EUR;1;Faber iNsert-IGA '59 ABR-1 converter studs, 7mm/6-32inch, BRASS, gold plated, aged
3117-1;31.31;20;EUR;1;Faber iNsert-INA '59 ABR-1 converter studs, 7mm/6-32inch, BRASS, nickel plated, aged
3117-0;29.15;20;EUR;1;Faber iNsert-ING '59 ABR-1 converter studs, 7mm/6-32inch, BRASS, nickel plated, glossy
3116-3;49.67;20;EUR;1;Faber iNsert-MGA Faber iNsert = Nashville to '59 ABR converter studs, 7mm/4mm, BRASS, gold plated, aged
3116-2;45.35;20;EUR;1;Faber iNsert-MGG Faber iNsert = Nashville to '59 ABR converter studs, 7mm/4mm, BRASS, gold plated, gloss
3116-1;31.31;20;EUR;1;Faber iNsert-MNA Faber iNsert = Nashville to '59 ABR converter studs, 7mm/4mm, BRASS, nickel plated, aged
3116-0;29.15;20;EUR;1;Faber iNsert-MNG Faber iNsert = Nashville to '59 ABR converter studs, 7mm/4mm, BRASS, nickel plated, glossy
x00154;184.67;20;EUR;1;Faber JBC YSR Jazz Bass - Sunburst
1102505;646.91;20;EUR;1;Faber Les Paul Revival Model - Aged Sunburst
x00228;215.99;20;EUR;1;Faber MasterKit Premium – Gibson ABR-1 – Nickel Gloss
x00229;215.99;20;EUR;1;Faber MasterKit Premium – Metric (Epiphone & Asian) – Nickel Aged
x00230;161.99;20;EUR;1;Faber MasterKit – Gibson (ABR-1) – Nickel Aged
x00231;161.99;20;EUR;1;Faber MasterKit – Gibson (ABR-1) – Nickel Gloss
x00232;161.99;20;EUR;1;Faber MasterKit – Metric (Epiphone & Asian) – Nickel Aged
3052-3;43.19;20;EUR;1;Faber NSWKIT-IGA Bridge Adapter, 5mm base/6-32inch stud, Gold Aged
3052-2;37.79;20;EUR;1;Faber NSWKIT-IGG Bridge Adapter, 5mm base/6-32inch stud, Gold Glossy
3052-1;26.99;20;EUR;1;Faber NSWKIT-INA Bridge Adapter, 5mm base/6-32inch stud, Nickel Aged
3052-0;24.83;20;EUR;1;Faber NSWKIT-ING Bridge Adapter, 5mm base/6-32inch stud, Nickel Gloss
3051-3;43.19;20;EUR;1;Faber NSWKIT-MGA Bridge Adapter, 5mm base/4mm stud, Gold Aged
3051-2;37.79;20;EUR;1;Faber NSWKIT-MGG Bridge Adapter, 5mm base/4mm stud, Gold Glossy
3051-1;26.99;20;EUR;1;Faber NSWKIT-MNA Bridge Adapter, 5mm base/4mm stud, Nickel Aged
3051-0;24.83;20;EUR;1;Faber NSWKIT-MNG Bridge Adapter, 5mm base/4mm stud, Nickel Gloss
x00153;184.67;20;EUR;1;Faber PBC BB Precision Bass – Black
x00152;184.67;20;EUR;1;Faber PBC YSR Precision Bass – Sunburst
3152;145.79;20;EUR;1;Faber PUPCG-BGG Faber Pickup Concerto grosso -Bridge- Classic '59 PAF -hand wound- Germany, Cover gold plated
3153;145.79;20;EUR;1;Faber PUPCG-NGG Faber Pickup Concerto grosso -Neck- Classic '59 PAF -hand wound- Germany, Cover gold plated
3151;132.83;20;EUR;1;Faber PUPCG-NNG Faber Pickup Concerto grosso -Neck- Classic '59 PAF -hand wound- Germany, Cover nickel plated
3091-1;28.07;20;EUR;1;Faber RS-BA (6 pcs.) Replacement saddle, Brass, natural, pre-slotted, aged finish
3122-1;28.07;20;EUR;1;Faber RS-BAU (6 pcs.) Replacement saddle, Brass, natural, unnotched, aged finish
3091-0;24.83;20;EUR;1;Faber RS-BG (6 pcs.) Replacement saddle, Brass, natural, pre-slotted, gloss finish
3122-0;24.83;20;EUR;1;Faber RS-BGU (6 pcs.) Replacement saddle, Brass, natural, unnotched, gloss finish
3090-1;28.07;20;EUR;1;Faber RS-NA (6 pcs.) Replacement saddle, Brass, nickel plated, pre-slotted, aged finish
3120-1;28.07;20;EUR;1;Faber RS-NAU (6 pcs.) Replacement saddle, Brass, nickel plated, unnotched, aged finish
3090-0;24.83;20;EUR;1;Faber RS-NG (6pcs.) Replacement saddle, Brass, nickel plated, pre-slotted, gloss finish
3120-0;24.83;20;EUR;1;Faber RS-NGU (6 pcs.) Replacement saddle, Brass, nickel plated, unnotched, gloss finish
3134;33.47;20;EUR;1;Faber RS-NY (3pcs.) Replacement saddle, Nylon, un-notched
3094-0;44.27;20;EUR;1;Faber RS-T (3 pcs.) Replacement saddle, Titanium, natural finish, pre-slotted
3124-0;44.27;20;EUR;1;Faber RS-TU (3 pcs.) Replacement saddle, Titanium, natural finish, unnotched
3207-0-old;44.27;20;EUR;1;Faber RSWRAP-T (3 pcs.) Wraptonate replacement saddle, Titanium, natural finish, pre-slotted, for old shape bridges only!
3008-3;32.39;20;EUR;1;Faber SR-GA Extra Set Distanzhülsen-Spacers, gold aged
3008-2;28.07;20;EUR;1;Faber SR-GG Extra Set Distanzhülsen-Spacers, gold glossy
3008-1;21.59;20;EUR;1;Faber SR-NA Extra Set Distanzhülsen-Spacers, nickel aged
3008-0;19.43;20;EUR;1;Faber SR-NG Extra Set Distanzhülsen-Spacers, nickel glossy
3076-3;14.03;20;EUR;1;Faber SS-GA (3pcs.) Faber® Saddles Replacement screw, Brass, gold plated, aged
3076-2;12.95;20;EUR;1;Faber SS-GG (3pcs.) Faber® Saddles Replacement screw, Brass, gold plated, glossy
3076-1;9.71;20;EUR;1;Faber SS-NA (3pcs.) Faber® Saddles Replacement screw, Brass, nickel plated, aged
3076-0;8.63;20;EUR;1;Faber SS-NG (3pcs.) Faber® Saddles Replacement screw, Brass, nickel plated, glossy
3086-3;20.73;20;EUR;1;Faber ST-IGA-B Faber 6-32 Inch '59 ABR Brass! Studs and Brass! Thumbwheel Kit, (pair) gold plated, aged
3082-3;24.83;20;EUR;1;Faber ST-IGA-S Faber 6-32 Inch '59 ABR Steel Studs and Brass Thumbwheel Kit, (pair) gold plated, aged
3086-2;19.43;20;EUR;1;Faber ST-IGG-B Faber 6-32 Inch '59 ABR Brass! Studs and Brass! Thumbwheels Kit, (pair), gold plated, glossy
3082-2;23.75;20;EUR;1;Faber ST-IGG-S Faber 6-32 Inch '59 ABR Steel Studs and Brass Thumbwheels Kit, (pair), gold plated, glossy
3086-1;19.43;20;EUR;1;Faber ST-INA-B Faber 6-32 Inch '59 ABR Brass! Studs and Brass! Thumbwheel Kit, (pair) nickel plated, aged
3082-1;18.35;20;EUR;1;Faber ST-INA-S Faber 6-32 Inch '59 ABR Steel Studs and Brass Thumbwheel Kit, (pair) nickel plated, aged
3086-0;18.13;20;EUR;1;Faber ST-ING-B Faber 6-32 Inch '59 ABR Brass! Studs and Brass! Thumbwheel Kit, (pair) nickel plated, glossy
3082-0;17.27;20;EUR;1;Faber ST-ING-S Faber 6-32 Inch '59 ABR Steel Studs and Brass Thumbwheel Kit, (pair) nickel plated, glossy
3087-3;20.73;20;EUR;1;Faber ST-MGA-B Faber 4mm metric, '59 ABR Brass! Studs and Brass! Thumbwheel Kit, (pair) gold plated, aged
3083-3;24.83;20;EUR;1;Faber ST-MGA-S Faber 4mm metric, '59 ABR Steel Studs and Brass Thumbwheel Kit, (pair) gold plated, aged
3087-2;19.43;20;EUR;1;Faber ST-MGG-B Faber 4mm, metric '59 ABR Brass! Studs and Brass! Thumbwheel Kit, (pair) gold plated, glossy
3083-2;23.75;20;EUR;1;Faber ST-MGG-S Faber 4mm, metric '59 ABR Steel Studs and Brass Thumbwheel Kit, (pair) gold plated, glossy
3087-1;19.43;20;EUR;1;Faber ST-MNA-B Faber 4mm metric, '59 ABR Brass! Studs and Brass! Thumbwheel Kit, (pair) nickel plated, aged
3083-1;18.35;20;EUR;1;Faber ST-MNA-S Faber 4mm metric, '59 ABR Steel Studs and Brass Thumbwheel Kit, (pair) nickel plated, aged
3087-0;18.13;20;EUR;1;Faber ST-MNG-B Faber 4mm, metric '59 ABR Brass! Studs and Brass! Thumbwheel Kit, (pair) nickel plated, glossy
3083-0;17.27;20;EUR;1;Faber ST-MNG-S Faber 4mm, metric '59 ABR Steel Studs and Brass Thumbwheel Kit, (pair) nickel plated, glossy
3084-3;24.83;20;EUR;1;"Faber ST-XL IGA Faber 6-32 Inch '59 ABR Studs, BRASS, gold aged, XL-1.5"" length"
3084-2;23.75;20;EUR;1;"Faber ST-XL IGG Faber 6-32 Inch '59 ABR Studs, BRASS, gold, glossy, XL-1.5"" length"
3084-1;21.59;20;EUR;1;"Faber ST-XL INA Faber 6-32 Inch '59 ABR Studs, BRASS, aged, XL-1.5"" length"
3084-0;20.51;20;EUR;1;"Faber ST-XL ING Faber 6-32 Inch '59 ABR Studs, BRASS, glossy, XL-1.5"" length"
3085-3;24.83;20;EUR;1;Faber ST-XL MGA Faber 4mm '59 ABR Studs, BRASS, gold aged, XL-38mm length
3085-2;23.75;20;EUR;1;Faber ST-XL MGG Faber 4mm '59 ABR Studs, BRASS, gold, glossy, XL-38mm length
3085-1;18.35;20;EUR;1;"Faber ST-XL MNA Faber 4mmm '59 ABR Studs, BRASS, aged, XL-38mm"" length"
3085-0;17.27;20;EUR;1;Faber ST-XL MNG Faber 4mm '59 ABR Studs, BRASS, glossy, XL- 38mm length
x00143;184.67;20;EUR;1;Faber STC BB Stratocaster – Black
x00144;184.67;20;EUR;1;Faber STC RED Stratocaster – Red
x00142;184.67;20;EUR;1;Faber STC VWRH Stratocaster HSS – Vintage White
x00141;184.67;20;EUR;1;Faber STC YSR Stratocaster – Sunburst
x00146;323.99;20;EUR;1;Faber STCH VY Stratocaster – Vintage Yellow
x00145;323.99;20;EUR;1;Faber STCH YS Stratocaster – Sunburst
x00140;139.31;20;EUR;1;Faber STCL BB Stratocaster HSS – Black
x00139;139.31;20;EUR;1;Faber STCL RED Stratocaster HSS – Red
3320-4;75.59;20;EUR;1;Faber TBWC-59 P-BR Faber Vintage Spec PURE ALU Compensated Wraparound Tailpiece, unplated, Intonationsleiste: Messing
3420-3;105.83;20;EUR;1;Faber TBWC-59GA-BL Faber Vintage Spec ALU Compensated Wraparound Tailpiece, Gold, aged, Intonationsleiste: Messing, Linkshand
3320-3;105.83;20;EUR;1;Faber TBWC-59GA-BR Faber Vintage Spec ALU Compensated Wraparound Tailpiece, Gold, aged, Intonationsleiste: Messing
3421-3;115.55;20;EUR;1;Faber TBWC-59GA-HL Faber Vintage Spec ALU Compensated Wraparound Tailpiece, Gold, aged, Intonationsleiste: Titan/Messing, Linkshand
3422-3;122.03;20;EUR;1;Faber TBWC-59GA-TL Faber Vintage Spec ALU Compensated Wraparound Tailpiece, Gold, aged, Intonationsleiste: Titan, Linkshand
3420-2;98.27;20;EUR;1;Faber TBWC-59GG-BL Faber Vintage Spec ALU Compensated Wraparound Tailpiece, Gold, gloss, Intonationsleiste: Messing, Linkshand
3320-2;98.27;20;EUR;1;Faber TBWC-59GG-BR Faber Vintage Spec ALU Compensated Wraparound Tailpiece, Gold, gloss, Intonationsleiste: Messing
3421-2;105.83;20;EUR;1;Faber TBWC-59GG-HL Faber Vintage Spec ALU Compensated Wraparound Tailpiece, Gold, gloss, Intonationsleiste: Titan/Messing, Linkshand
3422-2;111.23;20;EUR;1;Faber TBWC-59GG-TL Faber Vintage Spec ALU Compensated Wraparound Tailpiece, Gold, gloss, Intonationsleiste: Titan, Linkshand
3420-1;75.59;20;EUR;1;Faber TBWC-59NA-BL Faber Vintage Spec ALU Compensated Wraparound Tailpiece, Nickel, aged, Intonationsleiste: Messing, Linkshand
3320-1;75.59;20;EUR;1;Faber TBWC-59NA-BR Faber Vintage Spec ALU Compensated Wraparound Tailpiece, Nickel, aged, Intonationsleiste: Messing
3421-1;80.99;20;EUR;1;Faber TBWC-59NA-HL Faber Vintage Spec ALU Compensated Wraparound Tailpiece, Nickel, aged, Intonationsleiste: Titan/Messing, Linkshand
3422-1;85.31;20;EUR;1;Faber TBWC-59NA-TL Faber Vintage Spec ALU Compensated Wraparound Tailpiece, Nickel, aged, Intonationsleiste: Titan, Linkshand
3322-1;85.31;20;EUR;1;Faber TBWC-59NA-TR Faber Vintage Spec ALU Compensated Wraparound Tailpiece, Nickel, aged, Intonationsleiste: Titan
3420-0;66.95;20;EUR;1;Faber TBWC-59NG-BL Faber Vintage Spec ALU Compensated Wraparound Tailpiece, Nickel, gloss, Intonationsleiste: Messing, Linkshand
3320-0;66.95;20;EUR;1;Faber TBWC-59NG-BR Faber Vintage Spec ALU Compensated Wraparound Tailpiece, Nickel, gloss, Intonationsleiste: Messing
x00149;184.67;20;EUR;1;Faber TEC BB Telecaster – Black
x00147;184.67;20;EUR;1;Faber TEC MRR Telecaster – Metallic Red
x00151;323.99;20;EUR;1;Faber TECH Blonde Telecaster – See Through Blonde
3000-3;38.87;20;EUR;1;Faber TL-IGA Faber Tone-Lock Kit, 2 Schraubbolzen (Inch Gewinde-thread f. Gibson) + 3 Paar Distanzhülsen, aged
3000-2;35.63;20;EUR;1;Faber TL-IGG Faber Tone-Lock Kit, 2 Schraubbolzen (Inch Gewinde-thread f. Gibson) + 3 Paar Distanzhülsen, glossy
3000-1;36.71;20;EUR;1;Faber TL-INA Faber Tone-Lock Kit, 2 Schraubbolzen (Inch Gewinde-thread f. Gibson) + 3 Paar Distanzhülsen, aged
3000-0;33.47;20;EUR;1;Faber TL-ING Faber Tone-Lock Kit, 2 Schraubbolzen (Inch Gewinde-thread f. Gibson) + 3 Paar Distanzhülsen, glossy
3001-3;50.75;20;EUR;1;Faber TL-MGA Faber Tone-Lock Kit, 2 Schraubbolzen (Metric Gewinde-thread) + 3 Paar Distanzhülsen, Gold- aged
3001-2;46.43;20;EUR;1;Faber TL-MGG Faber Tone-Lock Kit, 2 Schraubbolzen (Metric Gewinde-thread) + 3 Paar Distanzhülsen, Gold- glossy
3001-1;36.71;20;EUR;1;Faber TL-MNA Faber Tone-Lock Kit, 2 Schraubbolzen (Metric Gewinde-thread) + 3 Paar Distanzhülsen, aged
3001-0;33.47;20;EUR;1;Faber TL-MNG Faber Tone-Lock Kit, 2 Schraubbolzen (Metric Gewinde-thread) + 3 Paar Distanzhülsen, glossy
3010-3;38.87;20;EUR;1;Faber TP-59C Faber TP-'59 Vintage Spec ALU Stop Tailpiece, Chrome, glossy
3010-5;70.19;20;EUR;1;Faber TP-59GA Faber TP-'59 Vintage Spec ALU Stop Tailpiece, Gold, aged
3010-4;63.71;20;EUR;1;Faber TP-59GG Faber TP-'59 Vintage Spec ALU Stop Tailpiece, Gold, glossy
3010-2;43.19;20;EUR;1;Faber TP-59NA Faber TP-'59 Vintage Spec ALU Stop Tailpiece, Nickel, aged
3010-0;38.87;20;EUR;1;Faber TP-59NG Faber TP-'59 Vintage Spec ALU Stop Tailpiece, Nickel, gloss
3010-1;38.87;20;EUR;1;Faber TP-59NS Faber TP-'59 Vintage Spec ALU Stop Tailpiece, Nickel, satin-matt
3010-8;43.19;20;EUR;1;Faber TP-59P Faber TP-'59 Vintage Spec Pure ALU Stop Tailpiece, unplated!
3010-6;237.59;20;EUR;1;Faber TP-59TG Faber TP-'59 Titan Stop Tailpiece, natural, un-plated
3080-3;28.07;20;EUR;1;Faber TPI-A-IGA Faber 5/16-24 Inch Tailpiece Inserts (pair) Steel, gold plated, aged
3080-2;24.83;20;EUR;1;Faber TPI-A-IGG Faber 5/16-24 Inch Tailpiece Inserts (pair) Steel, gold plated, glossy
3080-1;18.35;20;EUR;1;Faber TPI-A-INA Faber 5/16-24 Inch Tailpiece Inserts (pair) Steel, nickel plated
3080-0;17.27;20;EUR;1;Faber TPI-A-ING Faber 5/16-24 Inch Tailpiece Inserts (pair) Steel, nickel plated, glossy
3080-7;28.07;20;EUR;1;Faber TPI-A-MGA Faber, 8mm metric Tailpiece Inserts (pair) Steel, goldl plated, aged
3080-6;24.83;20;EUR;1;Faber TPI-A-MGG Faber, 8mm metric Tailpiece Inserts (pair) Steel, gold plated, glossy
3080-5;18.35;20;EUR;1;Faber TPI-A-MNA Faber, 8mm metric Tailpiece Inserts (pair) Steel, nickel plated, aged
3080-4;17.27;20;EUR;1;Faber TPI-A-MNG Faber, 8mm metric Tailpiece Inserts (pair) Steel, nickel plated, glossy
3081-3;28.07;20;EUR;1;Faber TPI-B-MGA Faber 8mm metric Tailpiece Inserts (pair) Steel, gold plated, aged
3081-2;24.83;20;EUR;1;Faber TPI-B-MGG Faber 8mm metric Tailpiece Inserts (pair) Steel, gold plated, gloss
3081-1;18.35;20;EUR;1;Faber TPI-B-MNA Faber 8mm metric Tailpiece Inserts (pair) Steel, nickel plated, aged
3081-0;17.27;20;EUR;1;Faber TPI-B-MNG Faber 8mm metric Tailpiece Inserts (pair) Steel, nickel plated, gloss
3088-3;28.07;20;EUR;1;Faber TPI-C-IGA Faber 5/16-24 Inch Tailpiece Inserts (pair) Steel, gold plated, aged
3088-2;24.83;20;EUR;1;Faber TPI-C-IGG Faber 5/16-24 Inch Tailpiece Inserts (pair) Steel, gold plated, glossy
3088-1;18.35;20;EUR;1;Faber TPI-C-INA Faber 5/16-24 Inch Tailpiece Inserts (pair) Steel, nickel plated
3088-0;17.27;20;EUR;1;Faber TPI-C-ING Faber 5/16-24 Inch Tailpiece Inserts (pair) Steel, nickel plated, glossy
3088-7;28.07;20;EUR;1;Faber TPI-C-MGA Faber 8mm, metric,Tailpiece Inserts (pair) Steel, gold plated, aged
3088-6;24.83;20;EUR;1;Faber TPI-C-MGG Faber 8mm, metric,Tailpiece Inserts (pair) Steel, gold plated, glossy
3088-5;18.35;20;EUR;1;Faber TPI-C-MNA Faber 8mm, metric,Tailpiece Inserts (pair) Steel, nickel plated, aged
3088-4;17.27;20;EUR;1;Faber TPI-C-MNG Faber 8mm, metric,Tailpiece Inserts (pair) Steel, nickel plated, glossy
3017-3;77.75;20;EUR;1;Faber TPW-59GA Faber Vintage Spec ALU Wraparound Tailpiece, Gold, aged
3017-2;70.19;20;EUR;1;Faber TPW-59GG Faber Vintage Spec ALU Wraparound Tailpiece, Gold, glossy
3017-1;53.99;20;EUR;1;Faber TPW-59NA Faber Vintage Spec ALU Wraparound Tailpiece, Nickel - aged
3017-0;48.59;20;EUR;1;Faber TPW-59NG Faber Vintage Spec ALU Wraparound Tailpiece, Nickel, gloss
3017-4;237.59;20;EUR;1;Faber TPW-59TG Faber Vintage Spec Titan Wraparound Tailpiece, natural, un-plated
3020-3;105.83;20;EUR;1;Faber TPWC-59GA Faber TPWC-'59 Vintage Spec ALU Compensated Wraparound Tailpiece, Gold, aged
3020-2;95.03;20;EUR;1;Faber TPWC-59GG Faber TPWC-'59 Vintage Spec ALU Compensated Wraparound Tailpiece, Gold, glossy
3020-1;73.43;20;EUR;1;Faber TPWC-59NA Faber TPWC-'59 Vintage Spec ALU Compensated Wraparound Tailpiece, Nickel, aged
3020-0;66.95;20;EUR;1;Faber TPWC-59NG Faber TPWC-'59 Vintage Spec ALU Compensated Wraparound Tailpiece, Nickel, gloss
3130-3;12.95;20;EUR;1;Faber TW-IGA (2 pcs.) thumbwheels, BRASS, inch 6-32, gold plated, aged
3130-2;12.95;20;EUR;1;Faber TW-IGG (2 pcs.) thumbwheels, BRASS, inch 6-32, gold plated, glossy
3130-1;9.71;20;EUR;1;Faber TW-INA (2 pcs.) thumbwheels, BRASS, inch 6-32, nickel plated, aged
3130-0;8.63;20;EUR;1;Faber TW-ING (2 pcs.) thumbwheels, BRASS, inch 6-32, nickel plated, glossy
3131-3;12.95;20;EUR;1;Faber TW-MGA (2 pcs.) thumbwheels, BRASS, metric 4mm, gold plated, aged
3131-2;12.95;20;EUR;1;Faber TW-MGG (2 pcs.) thumbwheels, BRASS, metric 4mm, gold plated, glossy
3131-1;9.71;20;EUR;1;Faber TW-MNA (2 pcs.) thumbwheels, BRASS, metric 4mm, nickel plated, aged
3131-0;8.63;20;EUR;1;Faber TW-MNG (2 pcs.) thumbwheels, BRASS, metric 4mm, nickel plated, glossy
3350-3;60.47;20;EUR;1;Faber WL-IGA Faber Wrap-Lock, Gold Aged, Inch
3350-2;52.91;20;EUR;1;Faber WL-IGG Faber Wrap-Lock, Gold Gloss, Inch
3350-1;41.03;20;EUR;1;Faber WL-INA Faber Wrap-Lock, Nickel Aged, Inch
3350-0;36.71;20;EUR;1;Faber WL-ING Faber Wrap-Lock, Nickel Gloss, Inch
3351-3;60.47;20;EUR;1;Faber WL-MGA Faber Wrap-Lock, Gold Aged, Metric
3351-2;52.91;20;EUR;1;Faber WL-MGG Faber Wrap-Lock, Gold Gloss, Metric
3351-1;41.03;20;EUR;1;Faber WL-MNA Faber Wrap-Lock, Nickel Aged, Metric
3351-0;36.71;20;EUR;1;Faber WL-MNG Faber Wrap-Lock, Nickel Gloss, Metric
3210-3;205.19;20;EUR;1;Faber WRAPT-GA Faber Wraptonate, Intonatable Stoptail Bridge, Aged Gold
3210-2;187.91;20;EUR;1;Faber WRAPT-GG Faber Wraptonate, Intonatable Stoptail Bridge, Gloss Gold
3210-1;132.83;20;EUR;1;Faber WRAPT-NA Faber Wraptonate, Intonatable Stoptail Bridge, Aged Nickel
3210-0;120.95;20;EUR;1;Faber WRAPT-NG Faber Wraptonate, Intonatable Stoptail Bridge, Gloss Nickel
1518;2309.03;20;EUR;1;Fender 54’ Reissue American Stratocaster 40th Anniversary 1994 - Sunburst
10045551;1263.59;20;EUR;1;Fender American Deluxe Stratocaster 2010 - Kloppmann - Sunset Metallic
DZ1149222;1422.35;20;EUR;1;Fender American Deluxe Telecaster 2002 - Cherry Sunburst
Z9561073;1263.59;20;EUR;1;Fender American Highway One Stratocaster HSS 2010 - Sunburst
Z3144784;1200.95;20;EUR;1;Fender American Jazz Bass Standard 2003 - Sunburst
US22090636;1457.99;20;EUR;1;Fender American Professional II Stratocaster 2022 - Miami Blue
US15045413;1385.63;20;EUR;1;Fender American Professional Stratocaster HSS 2015 - Olympic White
S978198;2429.99;20;EUR;1;Fender American Stratocaster 1979 - Natural
E204812;2915.99;20;EUR;1;Fender American Stratocaster 1982 - Sunburst
22907;1846.79;20;EUR;1;Fender American Vintage 52 Reissue Telecaster 1995 - Butterscotch Blonde
V094456;1943.99;20;EUR;1;Fender American Vintage 57 Reissue Stratocaster 1996 - Sunburst
V136182;1749.59;20;EUR;1;Fender American Vintage 62 Reissue Stratocaster 2001 - Sunburst
x00233;665.27;20;EUR;1;Fender American Vintage Jaguar Body - Sunburst
ICF25024914;971.99;20;EUR;1;Fender Chilli Beans Moto Signature Mustang 2025 - Black
MZ2063734;971.99;20;EUR;1;Fender Classic Series 69 Reissue Telecaster Thinline 2002 - Black
R08802;3401.99;20;EUR;1;Fender Custom Shop 1969 Stratocaster NOS 2001 - Olympic White
JD537;4859.99;20;EUR;1;Fender Custom Shop Bloodwood Fretless Bass Masterbuilt by Jason Davis 2003
R4248;5831.99;20;EUR;1;Fender Custom Shop Nocaster Telecaster Thinline NOS 2005 - Butterscotch Blonde
SZ2109259;3232.43;20;EUR;1;Fender Custom Shop Showmaster 2026 - Antique Burst
15754;4859.99;20;EUR;1;Fender Custom Shop ’63 Stratocaster Journeyman Relic HSS 2023 - Candy Apple Red
R128288;4859.99;20;EUR;1;Fender Custom Shop ’63 Stratocaster Relic MBD 2023 - Candy Apple Red
MN8119636;738.71;20;EUR;1;Fender Deluxe Powerhouse Stratocaster 1998 - Lake Placid Blue
US24046630;1200.95;20;EUR;1;Fender Exclusive American Standard Stratocaster 2024 - Satin Fiesta Red
13276;161.99;20;EUR;1;Fender Frontman 15G Transistor Verstärker
Z3022287;996.83;20;EUR;1;Fender Highway One Showmaster 2003 - Satin Black
Z6029664;1108.07;20;EUR;1;Fender Highway One Stratocaster 2006 - Natural
Z8171865;1200.95;20;EUR;1;Fender Highway One Stratocaster 2008 - Sand
I038455;923.39;20;EUR;1;Fender Japan 54 Reissue Stratocaster 1989-1990 - Sunburst
J031012;971.99;20;EUR;1;Fender Japan 54 Reissue Stratocaster 1991 - Metallic Gold - MOD
R090825;1069.19;20;EUR;1;Fender Japan 57 Reissue Stratocaster 2004-2005 - Sonic Blue
L001770;785.15;20;EUR;1;Fender Japan 60s Reissue Stratocaster 1991-1992 - Sunburst
O044293;1263.59;20;EUR;1;Fender Japan 66 Reissue Jaguar 1997-2000 - Black
O007585;1263.59;20;EUR;1;Fender Japan 66 Reissue Jaguar 1997-2000 - Blue Repaint
O057629;1385.63;20;EUR;1;Fender Japan 66 Reissue Jaguar 1997-2000 - Candy Apple Red - Matching Headstock
Q011316;1360.79;20;EUR;1;Fender Japan 66 Reissue Jaguar 2002-2004 - Candy Apple Red - Matching Headstock
S038286;1316.51;20;EUR;1;Fender Japan 66 Reissue Jaguar 2006-2008 - Sunburst
N081581;1263.59;20;EUR;1;Fender Japan 66 Reissue Mustang 1993-1994 - Vintage White
O069312;1200.95;20;EUR;1;Fender Japan 66 Reissue Mustang 1997-2000 - Vintage White
P053247;1263.59;20;EUR;1;Fender Japan 66 Reissue Mustang 1999-2002 - Vintage White
R064018;1330.55;20;EUR;1;Fender Japan 66’ Reissue Jaguar 2004-2005 - Sunburst
Q047355;1200.95;20;EUR;1;Fender Japan 66’ Reissue Mustang 2002-2004 - Vintage White
N096867;1108.07;20;EUR;1;Fender Japan 69 Reissue Mustang 1993-1994 - Vintage White
S027192;1108.07;20;EUR;1;Fender Japan 69 Reissue Mustang 1994-1995 - Vintage White
P054889;1200.95;20;EUR;1;Fender Japan 69 Reissue Mustang 1999-2002 - Vintage White
JD12012090;1263.59;20;EUR;1;Fender Japan 69 Reissue Mustang 2012 - Candy Apple Red - Matching Headstock
E680247;971.99;20;EUR;1;Fender Japan 72 Reissue Stratocaster 1994-1997 - Vintage White
O034463;878.03;20;EUR;1;Fender Japan 72 Reissue Stratocaster 1997-2000 - Black
O026073;923.39;20;EUR;1;Fender Japan 72 Reissue Stratocaster 1997-2000 - Vintage White
S027577.;1108.07;20;EUR;1;Fender Japan 72 Reissue Stratocaster ST72-86DSC 2006-2008 - Vintage White
U045743;1360.79;20;EUR;1;Fender Japan 72 Reissue Telecaster Custom 2010-2011 - White Blonde
T059739;1263.59;20;EUR;1;Fender Japan 77 Reissue Mustang 2007-2010 - Black
Q012807;971.99;20;EUR;1;Fender Japan Aerodyne Jazz Bass 2002-2004 - Black
JD12032667;923.39;20;EUR;1;Fender Japan Aerodyne Stratocaster 2012 - Old Candy Red
JD19017288;1108.07;20;EUR;1;Fender Japan CHAR-MG 69 Reissue Mustang 2019 - Olympic White
A006025;971.99;20;EUR;1;Fender Japan CST-50R 72 Reissue Stratocaster 1985-1986 - Vintage White
M039934;971.99;20;EUR;1;Fender Japan Hot Rod Stratocaster 1992-1993 - Red Sunburst
JD22015487;971.99;20;EUR;1;Fender Japan Hybrid II Stratocaster 2022 - Matte Black
T043687;874.79;20;EUR;1;Fender Japan Jazz Bass 1994-1995 - Candy Apple Red
JD13004398;777.59;20;EUR;1;Fender Japan JB-STD Jazz Bass 2012 - Sunburst
x00219;831.59;20;EUR;1;Fender Japan JV Stratocaster MOD 1982 - Natural
JD25006333;1360.79;20;EUR;1;Fender Japan Mami Signature Stratocaster 2025 - Omochi Vintage White
R033688;831.59;20;EUR;1;Fender Japan PB-43 Precision Bass 2004-2005 - Sunburst
S097928;874.79;20;EUR;1;Fender Japan PB-50 Precision Bass 1994-1995 - Sunburst
S081149;971.96;20;EUR;1;Fender Japan Precision Bass 2006-2008 - Black
E714250;462.23;20;EUR;1;Fender Japan SF-456 Stratocaster 1984-1987 - Black
E970517;874.79;20;EUR;1;Fender Japan ST54-85L Stratocaster 1984-1987 - Black
S007814_B;242.99;20;EUR;1;Fender Japan STM-94M Stratocaster Body - Black
E327401;971.99;20;EUR;1;Fender Japan Stratocaster 1983 - Vintage White
O047716;790.55;20;EUR;1;Fender Japan Stratocaster 1993-1994 - Red Repaint - Vintage
O029423;831.59;20;EUR;1;Fender Japan Stratocaster 1997-2000 - Sunburst
Q049600_B;242.99;20;EUR;1;Fender Japan Stratocaster Body - Black
S022513_B;242.99;20;EUR;1;Fender Japan Stratocaster Body - Sunburst
U002334_B;242.99;20;EUR;1;Fender Japan Stratocaster Body - Sunburst
O003894;1166.39;20;EUR;1;Fender Japan TC-72 Reissue Telecaster Custom 1997-2000 - Black
S076398_B;242.99;20;EUR;1;Fender Japan Telecaster Body - Black
P078474_B;242.99;20;EUR;1;Fender Japan Telecaster Body - Black
JD16020673_B;242.99;20;EUR;1;Fender Japan Telecaster Body - Blue
x00317;242.99;20;EUR;1;Fender Japan Telecaster Body - Red Repaint
T083015;874.79;20;EUR;1;Fender Japan TL-STD Telecaster 1994-1995 - Vintage White
JD13017339;790.55;20;EUR;1;Fender Japan TL-STD Telecaster 2013 - Sand
S030695_B;242.99;20;EUR;1;Fender Japan TL-STD Telecaster Body - Black
JD17005471;1185.83;20;EUR;1;Fender Japan TL62B 62’ Telecaster 2017 - Ice Blue Metallic
JD25012431;1264.67;20;EUR;1;Fender Japan Traditional Collection 60s Telecaster 2025 - Stardust Pink
JD22019734;1229.03;20;EUR;1;Fender Japan Traditional II 60s Jaguar 2022 - Sunburst
L14400;7775.99;20;EUR;1;Fender Jazzmaster 1963 Pre CBS - Inca Silver Refin
E103634;1292.75;20;EUR;1;Fender Lead I 1981 - Natural
MX12021260;1292.75;20;EUR;1;Fender Limited Edition '72 Telecaster Custom 2012 - Orange Sparkle
MN541957;777.59;20;EUR;1;Fender Mexico FSR Stratocaster 1995 - Vintage White
MN5104711;680.39;20;EUR;1;Fender Mexico Stratocaster 1995 - Black
O013401_MJT;1263.59;20;EUR;1;Fender MJT 50s Reissue Stratocaster - Gilmour Style - Heavy Relic
Q049600_MJT;1263.59;20;EUR;1;Fender MJT 50s Reissue Stratocaster - Purple Metallic - Heavy Relic
Q067138_MJT;1263.59;20;EUR;1;Fender MJT 60s Reissue Stratocaster - Burgundy Mist - Heavy Relic
T099295_MJT;1263.59;20;EUR;1;Fender MJT 60s Reissue Stratocaster - Candy Apple Green - Heavy Relic
MX10280925;777.59;20;EUR;1;Fender MOD Stratocaster 2011 - Fiesta Red Nitro
374014;3887.99;20;EUR;1;Fender Mustang 1973 - Sunburst
MX19198637;646.91;20;EUR;1;Fender Player Series Stratocaster 2019 - Black
MX11085023;1263.59;20;EUR;1;Fender Ritchie Blackmore Signature Stratocaster 2011 - Olympic White
MX22080281;1263.59;20;EUR;1;Fender Ritchie Blackmore Signature Stratocaster 2022 - Olympic White
05064139;777.59;20;EUR;1;Fender Showmaster Stratocaster 2005 - Black Cherry Burst
x00183;665.27;20;EUR;1;Fender Squier 51 Strat/Tele Hybrid - Butterscotch Blonde
Q015722;738.71;20;EUR;1;Fender Squier 71’ Reissue Telecaster 2002-2004 - Butterscotch Blonde
MN0127;680.39;20;EUR;1;Fender Squier Series Jazz Bass - CS MOD - Vintage White
MN408055;646.91;20;EUR;1;Fender Squier Series Telecaster 1994 - Vintage White
SE919116;2031.47;20;EUR;1;Fender Stevie Ray Vaughan Signature Stratocaster 1992 - Sunburst
SZ3044171;2194.55;20;EUR;1;Fender Stevie Ray Vaughan Signature Stratocaster 2003 - Sunburst
7624367;2429.99;20;EUR;1;Fender Telecaster 1976 - Vintage White
S835481;2954.87;20;EUR;1;Fender Telecaster 1979 - White Blonde
MX21015829;646.91;20;EUR;1;Fender Telecaster 2021 - Lake Placid Blue
CC00071854;554.03;20;EUR;1;Fender Telecoustic 2000 - Candy Apple Red
140109486;615.59;20;EUR;1;Fender Telecoustic 2014 - Flame Maple Sunburst
S819979;1749.59;20;EUR;1;Fender USA Mustang 1978 - Olympic White
213756;6317.99;20;EUR;1;Fender USA Telecaster 1968 - Natural
MX22225634;923.39;20;EUR;1;Fender Vintera 60s Jaguar 2022 - Sunburst
MX20169861;874.79;20;EUR;1;Fender Vintera 60s MOD PF Telecaster 2020 - Lake Placid Blue
MX19108796;701.99;20;EUR;1;Fender Vintera 60s Stratocaster 2019 - Sunburst
40601;874.79;20;EUR;1;Fernandes Telecaster 1974 - Natural - Vintage Japan
I120180;439.55;20;EUR;1;FGN Fujigen J-Standard Strat 2012 - Lake Placid Blue
L150224;680.39;20;EUR;1;FGN Fujigen Japan J-Classic Stratocaster 2015 - Sunburst
G201936;831.59;20;EUR;1;FGN Fujigen Japan J-Standard HSS 2020
H100951;680.39;20;EUR;1;FGN Fujigen Japan Neo Classic Stratocaster 2010 - Candy Apple Red
D121043;971.99;20;EUR;1;FGN Fujigen Les Paul Custom J-Standard 2012 - Ebony
G170778;1016.27;20;EUR;1;FGN Fujigen LS-10 Neo Classic Les Paul 2017
096938-02;1023.83;20;EUR;1;Framus Diablo Custom 2002
C00154407;291.59;20;EUR;1;Framus FR 212 Speaker Cabinet
6914-B58;777.59;20;EUR;1;Framus Semi Hollow - Black
X00012;1118.87;20;EUR;1;Framus Strato Deluxe 1963 - Blonde
x00234;69.97;20;EUR;1;Freedom Custom Guitar Research A/B Switch Box Pedal - Japan
022710;1555.19;20;EUR;1;Gibson 1960 Les Paul Classic 2002- Ebony
02844301;1662.11;20;EUR;1;Gibson 76’ Reissue Explorer 2004 - Ebony - EMG MOD
12022701;3887.99;20;EUR;1;Gibson Custom Shop ES-335 2012 - Cherry Red
92995454;2235.59;20;EUR;1;Gibson ES-135 1995 - Vintage Sunburst
12063701;1652.39;20;EUR;1;Gibson ES-139 2013 - Vintage Sunburst
01284722;2527.19;20;EUR;1;Gibson ES-335 2004 - Iced Tea Sunburst
216730360;2915.99;20;EUR;1;Gibson ES-335 2023 - Vintage Sunburst
126600502;2770.19;20;EUR;1;Gibson Firebird V 2010 - Classic White
92485718;1846.79;20;EUR;1;Gibson Flying V 1995 - Cherry
170030808;1846.79;20;EUR;1;Gibson Flying V HP High Performance 2016 - Ebony
111010669;831.59;20;EUR;1;Gibson Flying V Melody Maker 2011 - Ebony
061909;2078.99;20;EUR;1;Gibson Les Paul Classic 1960 2006 - Honey Fade
150052149.;1662.11;20;EUR;1;Gibson Les Paul Classic 2015 - Vintage Sunburst
80809571;3232.43;20;EUR;1;Gibson Les Paul Custom Lite 1989 - Heritage Cherry Sunburst
89543;2369.51;20;EUR;1;Gibson Les Paul Custom Shop 1998 - Catalina Red
83390502;3232.43;20;EUR;1;Gibson Les Paul Deluxe 1980 - Natural
121420420;1185.83;20;EUR;1;Gibson Les Paul Junior 2010 - TV Yellow
160084932;1263.59;20;EUR;1;Gibson Les Paul Junior 2016 - Vintage Sunburst
301079;3232.43;20;EUR;1;Gibson Les Paul Recording 1974-1975 - Walnut
180029617;1662.11;20;EUR;1;Gibson Les Paul Signature Player Plus 2018 - Satin Vintage Sunburst
01691348;1108.07;20;EUR;1;Gibson Les Paul Special 2001 - Ebony
00091628;1263.59;20;EUR;1;Gibson Les Paul Special 2001 - Red
00625576;1141.55;20;EUR;1;Gibson Les Paul Special 2005 - Faded Cherry
022951307;1421.27;20;EUR;1;Gibson Les Paul Special DC 2005 - TV Yellow
203910037;1108.07;20;EUR;1;Gibson Les Paul Special Tribute 2021 - Faded Black
90769333.;1580.03;20;EUR;1;Gibson Les Paul Standard 1999 - Ebony
234320440;1846.79;20;EUR;1;Gibson Les Paul Standard 2022 - Heritage Cherry Sunburst
220530256;1846.79;20;EUR;1;Gibson Les Paul Standard 2023 - Classic White
0141140733;1929.95;20;EUR;1;Gibson Les Paul Standard DC 2001 - Trans Red
030290579;2216.15;20;EUR;1;Gibson Les Paul Standard DC 2009 - Goldtop
022950314;2031.47;20;EUR;1;Gibson Les Paul Standard DC Plus 2005 - Amber
233310133.;6316.91;20;EUR;1;Gibson Les Paul Standard Slash 4 Limited Album Edition 2021 - 1 of 250
90376437;1069.19;20;EUR;1;Gibson Les Paul Studio 1996 - Cherry Sunburst
90789658;1166.39;20;EUR;1;Gibson Les Paul Studio 1999 - Ebony
106111306;971.99;20;EUR;1;Gibson Les Paul Studio 2011 - Natural
160076193;1200.95;20;EUR;1;Gibson Les Paul Studio 2016 - Cardinal Red
160067791;1166.39;20;EUR;1;Gibson Les Paul Studio Faded 2016 - Satin Ebony
92915492;1263.59;20;EUR;1;Gibson Les Paul Studio Thin Body 1995 - Ebony
228930142;2585.51;20;EUR;1;Gibson Les Paul Supreme 2023 -  Wine Red
180051087;1846.79;20;EUR;1;Gibson Les Paul Traditional - 2018 Honey Burst
110720386;1939.67;20;EUR;1;Gibson Les Paul Traditional 1960 2012 - Satin Honey Burst
160072854;1292.75;20;EUR;1;Gibson Les Paul Tribute T 2016 - Faded Honey Burst
100431485;971.99;20;EUR;1;Gibson LPJ 2013 - Satin Cherry
72597187;1846.79;20;EUR;1;Gibson Melody Maker DC 1977 - Sunburst
100730601;971.99;20;EUR;1;Gibson SG 70‘s Tribute 2013 - Cherry
160056;7775.99;20;EUR;1;Gibson Thunderbird II Bass 1964 – Alembic Custom 1976 – Tree of Life – Ember Red
012260414;2915.99;20;EUR;1;Gibson Vegas High Roller 2006 - Felt Green
12468;971.99;20;EUR;1;Gitane DG-250M - Natural
x00238;17.27;20;EUR;1;Gitarrenkarton 1180×475×165 mm – Doppelwelliger Versandkarton für Gitarren
x00239;46.43;20;EUR;1;Gitarrenkarton 3er Set 1180×475×165 mm – Doppelwellige Versandkartons
x00240;70.19;20;EUR;1;Gitarrenkarton 5er Set 1180×475×165 mm – Doppelwellige Versandkartons
11905;1154.51;20;EUR;1;Godin L. R. Baggs Acousticaster - Tobacco Burst
x00125;415.79;20;EUR;1;GrassRoots Sugizo Model - Black
I784576;898.55;20;EUR;1;Greco Custom EG-600P Les Paul 1978 - Ebony - Vintage Japan
x00311;680.39;20;EUR;1;Greco EG Custom Les Paul Lefthand 1970s - Sunburst
x00120;831.59;20;EUR;1;Greco EG Les Paul 1970s - Cherry Sunburst
x00307;680.39;20;EUR;1;Greco EG Les Paul 1970s - Cherry Sunburst
x00316;777.59;20;EUR;1;Greco EG Les Paul 1970s - Ebony
x00294;646.91;20;EUR;1;Greco EG Les Paul 1970s - Sunburst
x00341;680.39;20;EUR;1;Greco EG Les Paul 1970s - Sunburst
F784908;738.71;20;EUR;1;Greco EG Les Paul 1978 - Cherry Sunburst
x00218;646.91;20;EUR;1;Greco EG Les Paul Custom 1970s - Cherry Sunburst
x00225;646.91;20;EUR;1;Greco EG Les Paul Custom 1970s - Sunburst
D775439;831.59;20;EUR;1;Greco EG Les Paul Standard 1977 - Sunburst
G787167;738.71;20;EUR;1;Greco EG Les Paul Standard 1978 - Sunburst
06442;790.55;20;EUR;1;Greco EG Les Paul Standard 1980 - Sunburst - Vintage Japan
x00136;738.71;20;EUR;1;Greco EG Les Paul Standard 1980s - Cherry Sunburst
C785741;738.71;20;EUR;1;Greco EG Standard Les Paul 1979 - Cherry Sunburst
A797182;831.59;20;EUR;1;Greco EG-450 Les Paul Standard 1979 - Tobacco Sunburst
X00108;646.91;20;EUR;1;Greco EG-480 Les Paul Custom 1970s - Sunburst
L778038;831.59;20;EUR;1;Greco EG-500 Standard Les Paul 1977 - Ebony
24661;790.55;20;EUR;1;Greco EG-550 Rock Spirits Les Paul 1992 - Cherry Sunburst
H785309;997.91;20;EUR;1;Greco EG-600 Les Paul Custom 1978 - Black - Vintage Japan
H775208;738.71;20;EUR;1;Greco EG-700 Les Paul Standard 1977 - Natural
L775169;785.15;20;EUR;1;Greco EG450 Les Paul Standard 1977 - Sunburst
B787046;874.79;20;EUR;1;Greco EG450 Les Paul Standard 1978 - Tobacco Sunburst
19082;790.55;20;EUR;1;Greco EG450 Super Power Les Paul 1981 - Tobacco Burst - Vintage Japan
x00121;738.71;20;EUR;1;Greco EG480 Custom Les Paul 1970s - Sunburst
D761632;738.71;20;EUR;1;Greco EG480R Custom Les Paul 1976 - Cherry Sunburst
E785417;701.99;20;EUR;1;Greco EG500 Les Paul Standard 1978 - Cherry Sunburst - Vintage Japan
G784802;971.99;20;EUR;1;Greco EG600 Custom Les Paul 1978 - Ebony
A787502;878.03;20;EUR;1;Greco EG600 Les Paul Custom 1978 - Ebony - Vintage Japan
08147;874.79;20;EUR;1;Greco EGC-480 Les Paul Custom 1990 - Ebony
07497;874.79;20;EUR;1;Greco EGC-480 Les Paul Custom 1990 - Ebony
F787743;1263.59;20;EUR;1;Greco EX800 Explorer 1978 - Vintage White
F825440;971.99;20;EUR;1;Greco Flying V 1982 - Ebony
F784975;415.79;20;EUR;1;Greco GOB-700 Bass 1978 - Defekt
K914140;777.59;20;EUR;1;Greco J-80E 1991 - Sunburst
x00312;680.39;20;EUR;1;Greco Jazz Bass 1970s - Sunburst
x00222;874.79;20;EUR;1;Greco Les Paul Custom 1990s - Ebony
J787309;831.59;20;EUR;1;Greco Les Paul EG450 1978 - Ebony
J776164;748.43;20;EUR;1;Greco Les Paul Standard 1977 - Tobacco Burst
J787771;878.03;20;EUR;1;Greco Les Paul Standard 1978 - Ebony
x00189;701.99;20;EUR;1;Greco Matsumoku Stratocaster 1970s - Sunburst
x00315;680.39;20;EUR;1;Greco Matsumoku Stratocaster 1970s - Vintage White
x00342;680.39;20;EUR;1;Greco Matsumoku Stratocaster 1970s - Vintage White
B801027;874.79;20;EUR;1;Greco Mercury Precision Bass 1980 - Natural
I791182;738.71;20;EUR;1;Greco SE-380 Super Sounds Stratocaster 1979 - Sunburst
x00127;646.91;20;EUR;1;Greco Stratocaster 1970s - Natural
x00191;701.99;20;EUR;1;Greco Stratocaster 1970s - Vintage White
G763314;615.59;20;EUR;1;Greco Super Sounds Stratocaster 1976 - Vintage White
G774270;738.71;20;EUR;1;Greco Super Sounds Stratocaster 1977 - Natural
G772595;701.99;20;EUR;1;Greco Super Sounds Stratocaster 1977 - Vintage White
x00309;485.99;20;EUR;1;Greco Violin Bass 1970s - Sunburst
903120-341;1846.79;20;EUR;1;Gretsch 6120 Chet Atkins 1990 - Orange Stain
978120DE-114;2585.51;20;EUR;1;Gretsch 6120DE Duane Eddy Signature 1997 - Ebony Burst
932120TM-159;1754.99;20;EUR;1;Gretsch 6120TM Chet Atkins 1993 - Orange Stain
IT18124994;1846.79;20;EUR;1;Gretsch G6228FM Jet Players Edition 2018 - Crimson Stain
x00194;701.99;20;EUR;1;Grover Jackson Flying V - Silver Sparkle
9620086;345.59;20;EUR;1;Grover Jackson GJr‑R40SP Mini Rhoads 1996 - Dots
9648171;355.31;20;EUR;1;Grover Jackson IG 1996 - Trans Red
x00195;383.39;20;EUR;1;Grover Jackson Superstrat - Blue
KWM1701426;680.39;20;EUR;1;Guild Polara 2017 - Black
99111777;96.22;20;EUR;1;Guyatone Hard Rocker HR2 Effect Pedal 1999 - Vintage Japan
95060344;96.22;20;EUR;1;Guyatone HR2 Hard Rocker 1995 Effect Pedal - Vintage Japan
8115774;96.22;20;EUR;1;Guyatone PS-003 Compressor Effect Pedal 1981 - Vintage Japan
8118808;113.71;20;EUR;1;Guyatone PS-004 Flanger Effect Pedal 1981 - Vintage Japan
8611592;104.97;20;EUR;1;Guyatone PS-010 Compression Sustainer 1986 Effect Pedal - Vintage Japan
8607234;104.97;20;EUR;1;Guyatone PS-010 Compression Sustainer Effect Pedal 1986 - Vintage Japan
8323205;113.71;20;EUR;1;Guyatone PS-017 Distortion & Chorus Effect Pedal 1983 - Vintage Japan
8612844;104.97;20;EUR;1;Guyatone PS-038 Bass Exciter/Limiter B-II 1986 Effect Pedal - Vintage Japan
801150;131.21;20;EUR;1;Guyatone PS-104 Cross Over Auto Wah Effect Pedal 1980 - Vintage Japan
G25030479;583.19;20;EUR;1;Hagstrom Fantomen 2025 - Cosmic Black Burst
M08011166;439.55;20;EUR;1;Hagstrom Ultra Swede 2008 - Red Burst
G12060623;554.03;20;EUR;1;HAGSTROM Viking The Rod LTD 2012 - Black
x00197;777.59;20;EUR;1;Höfner 173 - Vinyl White
X00003;332.63;20;EUR;1;Höfner 520 1960s
x00112;554.03;20;EUR;1;Höfner Colorama Classic - Cherry Red
X00013;701.99;20;EUR;1;Höfner Super Solid 173 - Vinyl White
8796658;583.19;20;EUR;1;Hohner Professional SG Lion 1987
200948412;97.19;20;EUR;1;Hush Rocktron Effektpedal
99192;106.91;20;EUR;1;Hush Systems Effektpedal
S09011917;388.79;20;EUR;1;Ibanez ART80 2009 - Black
S06044861;646.91;20;EUR;1;Ibanez Artcore AGS83B-ATF-12-01 2006 - Natural Burst
x00220;1662.11;20;EUR;1;Ibanez Artist 2616 1970s - Cherry Sunburst
B797218;3401.99;20;EUR;1;Ibanez Artist 2700 1979 - Natural
S14110976;833.36;20;EUR;1;Ibanez EKM10T-WRD-12-01 2014 - Wine Red
3041894;369.35;20;EUR;1;Ibanez EX Series EX170L Lefthand 1993 - Black
I080214866;1200.95;20;EUR;1;Ibanez Iceman ICT700 2008 - Black
I080752560;1263.59;20;EUR;1;Ibanez Iceman ICT700 2008 - Black
X00032;790.55;20;EUR;1;Ibanez Les Paul 2350 - Black
X00028;1016.27;20;EUR;1;Ibanez Les Paul Custom Pre Lawsuit 1973 - Ebony
L815212;1385.63;20;EUR;1;Ibanez LR10 Lee Ritenour Signature 1982 - Antique Violin
K794612;1403.99;20;EUR;1;Ibanez Performer PF350 1979 - Cherry Red
S4053035;1316.51;20;EUR;1;Ibanez PF350BK Performer 1994 - Black
X00055;701.99;20;EUR;1;Ibanez Pre Lawsuit 2375 Stratocaster 1970s - Sunburst
W210522;289.43;20;EUR;1;Ibanez RG Standard 2021 - Red
J860407;878.03;20;EUR;1;Ibanez RG410 Roadstar II Series 1986 - Black
I220610135;339.11;20;EUR;1;Ibanez RG421 2022 - Natural
F933396;971.99;20;EUR;1;Ibanez RG550 1999 - Road Flare Red
F422874;485.99;20;EUR;1;Ibanez RG570 Series 1994 - Luna Sea
F348754;831.59;20;EUR;1;Ibanez RG670 1993 - Root Beer
I211007116;1185.83;20;EUR;1;Ibanez RGD71ALPA 2021 - Charcoal Burst Black Stained Flat
I180607266;777.59;20;EUR;1;Ibanez RGDIX7MPB Iron Label 2018 - Surreal Blue Burst
H850302;646.91;20;EUR;1;Ibanez RS440 Roadstar II Series 1985 - Vintage White
312222;215.99;20;EUR;1;Ibanez SD9 Sonic Distortion Effect Pedal
926937;369.35;20;EUR;1;Ibanez SDGR Bass 1992 - Metallic Silver
I160309694;527.03;20;EUR;1;Ibanez SDGR SR500 1P-06 Bass 2016 - Brown
I240206396;1069.19;20;EUR;1;Ibanez SRMS720 Bass 2024 - Blue Chameleon
I791752;1943.99;20;EUR;1;Ibanez Studio Bass ST924 1979 - Natural
F438569;777.59;20;EUR;1;Ibanez Talman TC630 1994 - Black
GS210311142;277.55;20;EUR;1;Ibanez Talman TCY10LE-BLK Lefthand 2021 - Black
S02101734;510.83;20;EUR;1;Ibanez Talman TM71T 2002 - Jewel Blue
1423106;136.07;20;EUR;1;Ibanez TS9 Tube Screamer Effektpedal - Japan
910588;10526.75;20;EUR;1;Ibanez Universe UV77MC Steve Vai Signature 1991 - Multicolor
X00004;5831.99;20;EUR;1;James Collins Signature GTO 2023 - Natural
10298;3158.99;20;EUR;1;James Trussart Rusty Deville 59 2011 - Steel
4235;7289.99;20;EUR;1;Jens Ritter Instruments The Red² Cedar Porsch 2025 - Red Champagne
x00201;176.03;20;EUR;1;Kapok MEG 9012 Stratocaster - Red
X00006;176.03;20;EUR;1;Keiper Shortscale Stratocaster Junior - Black
60188;680.39;20;EUR;1;Kramer EVH Style - Striped
x00202;658.79;20;EUR;1;Kramer LK-1 1980s - Black
60867;599.39;20;EUR;1;Kramer Neptune NJ 1980s - Black
12488;1263.59;20;EUR;1;Kramer Pacer Deluxe - Metallic Blue
70443;1292.75;20;EUR;1;Kramer Richie Sambora Signature 1980s - Vintage White
22071314806;339.11;20;EUR;1;Kramer Striker 2022 - Trans Purple
24121524444;790.55;20;EUR;1;Kramer Volante HHFR 2024 - Defender Red
CD9508;1943.99;20;EUR;1;Lake Placid Custom by Andre Waldenmaier HSS Floyd Rose 1995 - See Thru Green
x00331;155.51;20;EUR;1;LPD Pedals Sixty8 Overdrive Effect Pedal
x00291;126.35;20;EUR;1;LY-Rock Klon KTR Effektpedal
13092801180;439.55;20;EUR;1;Maestro by Gibson Les Paul 2013 - Red
X00029;3887.99;20;EUR;1;Marshall JCM800 2203 MKII 100W + 1960A 4x12 Cabinet – 1995 Limited Edition Red Stack
x00303;77.75;20;EUR;1;Marshall JH-1 The Jackhammer Effektpedal
MG129480;680.39;20;EUR;1;Martin LX1 LR Baggs 2011 - Natural
x00203;527.03;20;EUR;1;Mavis Flying V Acryl - Blue
214160;192.45;20;EUR;1;Maxon AD-9 Analog Delay Effect Pedal 1980s - Vintage Japan
125167;104.97;20;EUR;1;Maxon Bass EQ BE-01 Effect Pedal - Vintage Japan
000702;113.71;20;EUR;1;Maxon CP-F1 Compressor Effector Fire Blade Effect Pedal - Vintage Japan
x00256;145.79;20;EUR;1;Maxon CS-9 Stereo Chorus Effektpedal - Japan
95234;139.96;20;EUR;1;Maxon D&S II Distortion Sustainer Effect Pedal 1970s - Vintage Japan
x00290;97.19;20;EUR;1;Maxon D&S II Effektpedal
165532;116.63;20;EUR;1;Maxon DD-02 Delay Digital Effektpedal - Japan
000867;116.63;20;EUR;1;Maxon DS-F1 Fire Blade Distortion Effection Effektpedal - Japan
x00262;145.79;20;EUR;1;Maxon FL-9 Flanger Effektpedal
116905;116.63;20;EUR;1;Maxon FL-9 Flanger Effektpedal - Japan
x00272;126.35;20;EUR;1;Maxon PT-909 Phase Tone Effektpedal
013HS055;139.96;20;EUR;1;Maxon ROD 881 Real Overdrive/Distortion Effect Pedal - Vintage Japan
131029;122.46;20;EUR;1;Maxon SM-01 Super Metal Effect Pedal - Vintage Japan
172000;1749.59;20;EUR;1;Maybach Teleman T61 Custom Shop Aged 2018 - Red Rooster
MKV-006691;2309.03;20;EUR;1;Mesa Boogie Mark Five Head 90W
x00237;1316.51;20;EUR;1;Mesa Boogie Mini Rectifier Twenty Five - 100V - Japan Model
190/300;4362.11;20;EUR;1;Mesa Boogie MK1 1x12 King Snake Santana Signature 2014 - 190/300
K21190164;874.79;20;EUR;1;Michael Kelly Custom Collection Patriot Instinct 2021 - Scorched
EMCE0146;738.71;20;EUR;1;Mosrite Avenger - Cherry Red
G26809;1754.99;20;EUR;1;Music Man Benji Madden Signature Silhouette Special 2005 - Madden Green
E19373;1457.99;20;EUR;1;Music Man by Ernie Ball StingRay EX Bass 2001 - Black
X10493;1166.39;20;EUR;1;Music Man by Ernie Ball SUB 1 2004 - Textured Black
x00094;97.19;20;EUR;1;MXR Boost/Line Driver - Effektpedal
AB73G090;126.35;20;EUR;1;MXR KFK Ten Band Equalizer Effektpedal
x00095;97.19;20;EUR;1;MXR Smart Gate - Effektpedal
#001;3887.99;20;EUR;1;o3 Guitars Radon - Alejandro Ramirez - Red
67/180;388.79;20;EUR;1;Ortega Model 60-RE11LTD - Natural
C251000194;485.99;20;EUR;1;ORTEGA Tour Player RTP LTD - Natur
x00205;790.55;20;EUR;1;Orville Les Paul 1989-1993 - Cherry Sunburst - Vintage Japan
K028745;738.71;20;EUR;1;Orville Les Paul 1990 - Ebony
305544;874.79;20;EUR;1;Orville Les Paul 1993 - Foto Flame - Vintage Japan
K029128;790.55;20;EUR;1;Orville Les Paul Standard 1990 - Cherry Sunburst
K028831;831.59;20;EUR;1;Orville Les Paul Standard 1990 - Heritage Cherry Sunburst
409190;831.59;20;EUR;1;Orville LPS Les Paul 1994 - Cherry Sunburst
X00040;790.55;20;EUR;1;Orville LPS Les Paul Standard - Cherry Sunburst
K028904;673.91;20;EUR;1;Orville LPS Les Paul Standard 1990 - Cherry Sunburst
K007210;790.55;20;EUR;1;Orville LPS Les Paul Standard 1990 - Cherry Sunburst
611497;1052.99;20;EUR;1;Orville LPS Les Paul Standard 1996 - Quilt Top
K009605;831.59;20;EUR;1;Orville LPS-75 Les Paul 1990 - Cherry Sunburst
x00335;874.79;20;EUR;1;Orville SG 1989-1993 - Vintage White
K016215;738.71;20;EUR;1;Orville SG 1990 - Ebony
241528;785.15;20;EUR;1;Ovation 1613 1981 - Natural
x00330;583.19;20;EUR;1;Ovation 1627 Glen Campbell Artist - Natural
232706;646.91;20;EUR;1;Ovation 1627 Glen Campbell Artist 1981 - Natural
532145;646.91;20;EUR;1;Ovation 1868 Elite 1998 - Sunburst
560471;738.71;20;EUR;1;Ovation 1869 Custom Legend 2001 - Black
532658;646.91;20;EUR;1;Ovation 6778 Elite Standard 1998 - Natural
E10921;1846.79;20;EUR;1;Ovation Deacon 12-String 1975-1980 - Sunburst
x00298;646.91;20;EUR;1;Ovation Elite 1868 - Tobacco Sunburst
567019;646.91;20;EUR;1;Ovation S778 Elite Special 2002 - Natural
x00241;32.39;20;EUR;1;Pat’s Guitars Deluxe E-Gitarren Gigbag
011153;131.21;20;EUR;1;Pearl DS-06 Distortion 1980s Effect Pedal - Vintage Japan
271751;3110.39;20;EUR;1;PRS Custom 24 10-Top 1997 - Flamed Maple Grey Black
8129891;1385.63;20;EUR;1;PRS Mira 2008 - Lilac Mist
17S2026535;1385.63;20;EUR;1;PRS S2 Standard 22 - Antique White
17S2023716;1457.99;20;EUR;1;PRS S2 Vela 2017 - Tobacco Sunburst
Q12668;831.59;20;EUR;1;PRS SE Chris Robertson Signature 2016 - Kentucky Blueburst
T15487;680.39;20;EUR;1;PRS SE Custom 2019 - Vintage Sunburst
H00769;693.35;20;EUR;1;PRS SE Custom 22 2007 - Transparent Black
J07929;680.39;20;EUR;1;PRS SE Custom 24 2009 - Whale Blue
M04169;746.27;20;EUR;1;PRS SE Custom 24 2012 - Cherry Red
E10061;923.39;20;EUR;1;PRS SE Hollowbody Standard 2021 - Fire Red Burst
R28702;831.59;20;EUR;1;PRS SE Kestrel Bass 2017 - Sunburst
K10759;874.79;20;EUR;1;PRS SE Nick Catanese Signature 2010 - Black
G03105;632.87;20;EUR;1;PRS SE Soapbar II 2006 - Green Burst
F02530;646.91;20;EUR;1;PRS SE Standard 2005 - Camo
K22703;831.59;20;EUR;1;PRS SE Zach Myers Signature 2010 - Royal Blue
1452007406;1316.51;20;EUR;1;PRS USA S2 Mira 2014 - Vintage Cherry
Q07697;2429.99;20;EUR;1;Rickenbacker 330/6 1997 - Fireglo
VA1903004;874.79;20;EUR;1;Rivolta Mondata 2019 - Natural
122889;58.31;20;EUR;1;Rocktek DIR-01 Distortion Effektpedal
123170;58.31;20;EUR;1;Rocktek ODR-01 Overdrive Effektpedal
X00295;646.91;20;EUR;1;Samick Korea EPSA-ST Casino 1990s - Sunburst
x00296;646.91;20;EUR;1;Samick Korea EPSA-WR Casino 1990s - Cherry Red
x00340;388.79;20;EUR;1;Samick Korea TLJ Telecaster - Black
W14040095;615.59;20;EUR;1;Schecter Damien Elite FR 2014 - Crimson Red
L09020638;680.39;20;EUR;1;Schecter Diamond Series Apocalypse V-1 2009 - Limited Edition
47358;738.71;20;EUR;1;Schecter HSH Japan - Amber
x00210;631.79;20;EUR;1;Schecter Japan Progauge 7-String PS600 - Translucent Cherry
x00211;632.87;20;EUR;1;Schecter Japan SD-2-22 HSH - Trans Green
ST22040284;369.35;20;EUR;1;Schecter Tempest Hercules LTD 2022
SS22112;1292.75;20;EUR;1;Seventy Seven Japan Exrubato CTM JT 2022 - Trans Black
SS22156;1292.75;20;EUR;1;Seventy Seven Japan Exrubato STD JT 2021 - Aged Red
SS21025;1200.95;20;EUR;1;Seventy Seven Japan Exrubato STD JT 2021 - Aged Red
SS24258;1292.75;20;EUR;1;Seventy Seven Japan Exrubato STD JT 2024 - Iced Tea Burst
SS20118;1263.59;20;EUR;1;Seventy Seven Japan Exrubato-STD 2020 - Cherry Red
SS23291;1292.75;20;EUR;1;Seventy Seven Japan HAWK STD JT 2023 - Antique Brown
311;1846.79;20;EUR;1;Siggi Braun Blackbird – Custom Shop - 2011 - Matte Black
X00009;866.15;20;EUR;1;Sigma M Stratocaster - Natural
16873;2031.47;20;EUR;1;Sign Guitars German Custom Made Relectro 2013 - Black
SN28122274R;174.95;20;EUR;1;Sobbat Fuzz Breaker Effektpedal
IW22051212;831.59;20;EUR;1;Solar T1.6H3TS 2022 - Sunburst
E729633;615.59;20;EUR;1;Squier Bullet Bass Korea 1987 - Red
E731638;485.99;20;EUR;1;Squier by Fender Bullet Bass 1987 - Black
CY99108798;646.91;20;EUR;1;Squier by Fender Jagmaster 1999 - Red
CY50212317;646.91;20;EUR;1;Squier by Fender Jagmaster 2005 - Sunburst
CY06071771;646.91;20;EUR;1;Squier by Fender Jagmaster 2006 - Metallic Blue
CY100604631;646.91;20;EUR;1;Squier by Fender Jagmaster 2010 - Candy Apple Red
JV58590;971.99;20;EUR;1;Squier by Fender Japan JV Stratocaster 1983 - Black
Q007519;680.39;20;EUR;1;Squier by Fender Japan Silver Series Stratocaster SST-39 1993-1994 - Flame Red Burst
L013710;646.91;20;EUR;1;Squier by Fender Japan SST-33 Stratocaster 1991-1992 - Black
SQ21161;583.19;20;EUR;1;Squier by Fender Japan ST-398 72 Reissue Stratocaster 1983-1984 - Vintage White
SQ21016;680.39;20;EUR;1;Squier by Fender Japan Stratocaster 1984 - Black
IC060531889;656.63;20;EUR;1;Squier Hello Kitty Edition Mini Stratocaster 2006 - Pink
Q031915;680.39;20;EUR;1;Squier Japan Precision Bass 1993-1994 - Sunburst
SQ51172;738.71;20;EUR;1;Squier Japan Stratocaster 1983-1984 - Vintage White
SQ14687;680.39;20;EUR;1;Squier Japan Stratocaster Contemporary Series 1985-1986 - Black
JD23033210_B;194.39;20;EUR;1;Squier Telecaster Body - Sunburst
SG38524;874.79;20;EUR;1;Sterling by Music Man John Petrucci Signature JP150FM - Island Burst
JST5M9L;3110.39;20;EUR;1;Suhr Classic Antique Pro - 3T Sunburst
2339;2770.19;20;EUR;1;Suhr Classic S 2003 - Candy Apple Red
X00034;350.99;20;EUR;1;Switch Vibracell - Blue
990201115;1477.43;20;EUR;1;Taylor 615-CE Akustik 1999 - Black
1101182138;1069.19;20;EUR;1;Taylor SB1 2011 - Black
F9910113;777.59;20;EUR;1;Teisco K-56 Reissue 1999 - Space Grey
MX10172285_B;145.79;20;EUR;1;Telecaster Body - Pink
CN23050210;673.91;20;EUR;1;Tokai ALS94GT Love Rock Les Paul 2023 - Goldtop
C104995;665.27;20;EUR;1;Tokai Breezysound Lefthand Telecaster 2010 - Natural
2025159;738.71;20;EUR;1;Tokai Five Star 1982 - White
202002;701.99;20;EUR;1;Tokai FSD-65 Five Star Super Edition 1982 - Black
4018977;583.19;20;EUR;1;Tokai LBX Electric Bass 1984 - Metallic Red
1016105;923.39;20;EUR;1;Tokai LC-60 Les Paul Custom 1981 - Ebony
9404091_D;388.79;20;EUR;1;Tokai Les Paul 1994 Sunburst
2348101;1229.03;20;EUR;1;Tokai Love Rock Les Paul LS162QZ 2023 - Quilt
2044215;1200.95;20;EUR;1;Tokai LS135 Love Rock Les Paul 2020 - Honeyburst
1101571;834.83;20;EUR;1;Tokai LS50 Love Rock Les Paul 1981 - Ebony
1015496;768.95;20;EUR;1;Tokai LS60 Love Rock Les Paul 1981 - All Gold
x00099;542.15;20;EUR;1;Tokai SG - Cherry Red
x00098;615.59;20;EUR;1;Tokai SG 38SW - Snow White
1016935;646.91;20;EUR;1;Tokai Silver Star Stratocaster 1981 - Vintage White - Vintage Japan
4045207;738.71;20;EUR;1;Tokai Silver Star Stratocaster 1984 - Vintage White
L23849;554.03;20;EUR;1;Tokai ST Stratocaster 1980s - Black
112744;554.03;20;EUR;1;Tokai ST Stratocaster Limited Edition 1980s - Candy Apple Red
207482;554.03;20;EUR;1;Tokai ST-36 Stratocaster Limited Edition 1982 - Blue Burst
x00329;680.39;20;EUR;1;Tokai Super Edition Stratocaster 1980s - Black
293156;680.39;20;EUR;1;Tokai Super Edition Stratocaster 1982 - Black
C104905;701.99;20;EUR;1;Tokai Telecaster Breezysound Lefthand 2010 - Vintage White
4020061;1457.99;20;EUR;1;Tokai TLC-60 Les Paul 1984 - Vintage White
x00273;97.19;20;EUR;1;Tokai TXC-1 Exciter Effektpedal - Japan
x00212;874.79;20;EUR;1;Trinity by Relish - Metallic Blue
VA0117;2429.99;20;EUR;1;Valley Arts Guitar Custom Pro 1985-1986 - Sunburst
00059-1224;583.19;20;EUR;1;Victory Amplifiers Sheriff 212 Cabinet
x00182;64.79;20;EUR;1;Vintage Guitar Magazine Price Guide 2026 – Offizieller Gitarren-Preisführer
x00213;176.03;20;EUR;1;Vision Stratocaster - Red
x00243;87.47;20;EUR;1;VOCU Magic Mic Room Microphone Preamp Pedal
S2000078;923.39;20;EUR;1;VOX Bobcat BC-S66 2020 - Sunburst
005170;139.96;20;EUR;1;VOX Joe Satriani Signature JS-DS Satchurator Distortion Effect Pedal - Japan
x00333;145.79;20;EUR;1;Walrus Audio Julia V2 Effect Pedal
X00001;4859.99;20;EUR;1;Wandre Tri-Lam Teenager Blue Jeans 1959 - Multicolour
RBF504938-11;971.99;20;EUR;1;Warwick Corvette $$ Bass 2011 - Natural
K15755811;2031.47;20;EUR;1;Warwick Corvette $$ Double Buck Bass 2011 - Turquoise Blue Oil Finish
M00045993;1166.39;20;EUR;1;Warwick Corvette ProLine 5 Bass 1993 - Trans Red
G555729-18;777.59;20;EUR;1;Warwick Infinity RockBass 2018 - Natural
M112111-04;3693.59;20;EUR;1;Warwick Thumb NT Bass 2004 - Natural Oil Finish
5081749;583.19;20;EUR;1;Washburn Nuno Bettencourt Signature 1995 - Trans Red
x00257;145.79;20;EUR;1;Yamaha AMD-100 American Monster Drive Effektpedal - Japan
x00264;77.75;20;EUR;1;Yamaha DI-01 Distortion Effektpedal
x00244;104.97;20;EUR;1;Yamaha DI-10M Distortion Effect Pedal - Vintage Japan
x00263;97.19;20;EUR;1;Yamaha DI-10M Distortion Effektpedal
x00259;126.35;20;EUR;1;Yamaha DM-100 Distortion with Modulation Effektpedal
x00261;116.63;20;EUR;1;Yamaha FL-100 Flanger Effektpedal
001270;738.71;20;EUR;1;Yamaha Japan 500S Super Bass 1977 - Black
310128;831.59;20;EUR;1;Yamaha Japan Lord Player Les Paul 1983 - Tobacco Burst
9K18001;680.39;20;EUR;1;Yamaha Japan MG-III 1979 - Black
020704;777.59;20;EUR;1;Yamaha Japan SC3000 1980 - Sunburst
025083;923.39;20;EUR;1;Yamaha Japan SG800 1981 - Translucent Red
074257;1108.07;20;EUR;1;Yamaha Japan SG800S Standard 1982 - Tobacco Burst
QM08088;971.99;20;EUR;1;Yamaha Japan SGV300 2000 - Metallic Green
001821;777.59;20;EUR;1;Yamaha Japan SL400S Studio Lord Les Paul 1977 - Tobacco Sunburst
002745;680.39;20;EUR;1;Yamaha Japan SL430 Les Paul 1978 - Ebony
003615;831.59;20;EUR;1;Yamaha Japan SL500S Studio Lord Les Paul 1978 - Cherry Sunburst
006027;646.91;20;EUR;1;Yamaha Japan SR-500 Super Rock N Roller Stratocaster 1979 - Sunburst
098528;738.71;20;EUR;1;Yamaha Japan SS700EX 1983 - Black
117255;680.39;20;EUR;1;Yamaha Japan STH 500 R Stratocaster 1982-1984 - Coral Blue Burst
003308;646.91;20;EUR;1;Yamaha Japan Studio Lord Les Paul SL400S 1978 - Cherry Sunburst
002708;680.39;20;EUR;1;Yamaha Japan Studio Lord Les Paul SL400S 1980 - Cherry Sunburst
301588;777.59;20;EUR;1;Yamaha Japan Studio Lord SL-500 Les Paul 1976 - Ebony
9009037;680.39;20;EUR;1;Yamaha MG-K 1990 - Cream White
x00245;174.95;20;EUR;1;Yamaha OD-01 Overdrive Effect Pedal - Vintage Japan
x00248;104.97;20;EUR;1;Yamaha OD-100 Over Drive Effect Pedal - Vintage Japan
x00247;104.97;20;EUR;1;Yamaha OD-100 Over Drive Effect Pedal - Vintage Japan
IKY101E;1749.59;20;EUR;1;Yamaha PACP12M Pacifica Professional 2024 - Beach Blue Burst
Q35215;738.71;20;EUR;1;Yamaha SF3000 1983 - Cherry Sunburst - Vintage Japan
008225;680.39;20;EUR;1;Yamaha SL380 Studio Lord Les Paul 1979 - Cherry Sunburst
005789;646.91;20;EUR;1;Yamaha SL380 Studio Lord Les Paul 1979 - Tobacco Burst - Vintage Japan
152513;116.63;20;EUR;1;Zoom GFX-707 Effects Processor Pedal
022767;97.19;20;EUR;1;Zoom Player Pro 4040 Effektpedal
